indicator_id,country_id,year,value,magnitude,qualifier
#indicator+code,#country+code,#date+year,#indicator+value+num,,
EA.4T8.AG25T99.M,SDN,1983,1.333469986915588,,
EA.3T8.AG25T99.F,SDN,1983,1.200000047683716,,
EA.4T8.AG25T99.F,SDN,1983,.300000011920929,,
EA.3T8.AG25T99,SDN,1983,2.799999952316284,,
EA.4T8.AG25T99.GPIA,SDN,1983,.2249799966812134,,
EA.2T8.AG25T99.M,SDN,1983,7.474020004272461,,
EA.4T8.AG25T99,SDN,1983,.800000011920929,,
EA.3T8.AG25T99.M,SDN,1983,4.507090091705322,,
EA.S1T8.AG25T99.GPIA,SDN,1983,.3093099892139435,,
EA.2T8.AG25T99.F,SDN,1983,2.099999904632568,,
EA.S1T8.AG25T99.F,SDN,1983,11.19999980926514,,
EA.3T8.AG25T99.GPIA,SDN,1983,.2662500143051147,,
EA.S1T8.AG25T99.M,SDN,1983,36.20986175537109,,
EA.2T8.AG25T99,SDN,1983,4.699999809265137,,
EA.2T8.AG25T99.GPIA,SDN,1983,.2809700071811676,,
EA.S1T8.AG25T99,SDN,1983,23.29999923706055,,
CR.1,SDN,1990,45.70000076293945,,
CR.1.M,SDN,1990,49.94583511352539,,
CR.1.F,SDN,1990,41.04583358764648,,
CR.1.GPIA,SDN,1990,.8218069076538086,,
CR.1.M,SDN,1991,50.93342208862305,,
CR.1.GPIA,SDN,1991,.8272254467010498,,
CR.1,SDN,1991,46.7400016784668,,
CR.1.F,SDN,1991,42.1334228515625,,
CR.1.F,SDN,1992,43.1779670715332,,
CR.1.M,SDN,1992,51.74796676635742,,
CR.1.GPIA,SDN,1992,.8343896269798279,,
CR.1,SDN,1992,47.66999816894531,,
CR.1.GPIA,SDN,1993,.8405249118804932,,
CR.1.F,SDN,1993,44.16740417480469,,
CR.1,SDN,1993,48.56999969482422,,
CR.1.M,SDN,1993,52.54740524291992,,
CR.1.F,SDN,1994,45.27974700927734,,
CR.1,SDN,1994,49.5,,
CR.1.GPIA,SDN,1994,.8496896624565125,,
CR.1.M,SDN,1994,53.28974533081055,,
CR.1,SDN,1995,50.40000152587891,,
CR.1.GPIA,SDN,1995,.8578484654426575,,
CR.1.F,SDN,1995,46.34685516357422,,
CR.1.M,SDN,1995,54.02685546875,,
CR.1,SDN,1996,51.31000137329102,,
CR.1.M,SDN,1996,54.75577545166016,,
CR.1.GPIA,SDN,1996,.8666807413101196,,
CR.1.F,SDN,1996,47.45577621459961,,
CR.1.F,SDN,1997,48.42034912109375,,
CR.1.GPIA,SDN,1997,.873219907283783,,
CR.1,SDN,1997,52.13000106811523,,
CR.1.M,SDN,1997,55.45034790039063,,
YEARS.FC.COMP.1T3,SDN,1998,0,NIL,
CR.1.GPIA,SDN,1998,.8819429278373718,,
NER.01.M.CP,SDN,1998,0,NA,
NER.01.CP,SDN,1998,0,NA,
NER.01.GPIA.CP,SDN,1998,0,NA,
NER.01.F.CP,SDN,1998,0,NA,
CR.1,SDN,1998,53.02000045776367,,
CR.1.M,SDN,1998,56.1592903137207,,
CR.1.F,SDN,1998,49.52928924560547,,
YEARS.FC.COMP.02,SDN,1998,0,NIL,
CR.1.GPIA,SDN,1999,.8896726369857788,,
NER.01.F.CP,SDN,1999,0,NA,
YEARS.FC.COMP.02,SDN,1999,0,NIL,
CR.1.M,SDN,1999,57.01216125488281,,
GER.5T8.M,SDN,1999,5.780159950256348,,
NER.01.GPIA.CP,SDN,1999,0,NA,
CR.1.F,SDN,1999,50.72216033935547,,
YEARS.FC.COMP.1T3,SDN,1999,0,NIL,
GER.5T8.GPIA,SDN,1999,1.176300048828125,,
NER.01.M.CP,SDN,1999,0,NA,
GER.5T8.F,SDN,1999,7.017320156097412,,
NER.01.CP,SDN,1999,0,NA,
CR.1,SDN,1999,54.02000045776367,,
GER.5T8,SDN,1999,6.369239807128906,,
LR.AG15T99.M,SDN,2000,71.58101654052734,,
CR.1.Q1,SDN,2000,25.7499992847443,,
GER.5T8,SDN,2000,6.414959907531738,,
CR.2,SDN,2000,40.4100000858307,,
CR.3.GPIA,SDN,2000,.8942189812660217,,
CR.3.Q2,SDN,2000,1.41000002622604,,
CR.1,SDN,2000,58.77000093460079,,
CR.3.URB,SDN,2000,10.9399996697903,,
GER.5T8.GPIA,SDN,2000,1.251099944114685,,
CR.1.RUR,SDN,2000,42.6499992609024,,
CR.1.Q4,SDN,2000,74.58999752998349,,
LR.AG15T24.F,SDN,2000,72.33138275146484,,
XGDP.FSINT.FFNTR,SDN,2000,0,NIL,
YEARS.FC.COMP.1T3,SDN,2000,0,NIL,
LR.AG65T99,SDN,2000,28.07329940795898,,
CR.2.Q1,SDN,2000,14.3999993801117,,
CR.1.Q3,SDN,2000,52.1700024604797,,
XGDP.FSGOV,SDN,2000,1.012179970741272,,
LR.AG15T24,SDN,2000,78.15558624267578,,
NER.01.CP,SDN,2000,0,NA,
CR.2.Q3,SDN,2000,30.4399996995926,,
LR.AG25T64.GPIA,SDN,2000,.6287800073623657,,
CR.3.Q3,SDN,2000,1.7400000244379,,
LR.AG15T99.GPIA,SDN,2000,.7284899950027466,,
CR.1.F,SDN,2000,57.6499998569489,,
LR.AG25T64,SDN,2000,55.1646614074707,,
LR.AG25T64.M,SDN,2000,68.39177703857422,,
CR.1.WPIA,SDN,2000,.2794963717460632,,
CR.3,SDN,2000,7.620000094175341,,
YEARS.FC.COMP.02,SDN,2000,0,NIL,
CR.2.M,SDN,2000,42.1000003814697,,
LR.AG15T24.M,SDN,2000,85.69496154785156,,
LR.AG25T64.F,SDN,2000,43.00328063964844,,
LR.AG15T24.GPIA,SDN,2000,.8440600037574768,,
GER.5T8.F,SDN,2000,7.389279842376709,,
NER.01.M.CP,SDN,2000,0,NA,
CR.2.Q4,SDN,2000,49.0599989891052,,
CR.3.F,SDN,2000,7.27000012993813,,
CR.3.Q1,SDN,2000,.43000001460313,,
CR.2.URB,SDN,2000,51.7099976539612,,
CR.2.Q2,SDN,2000,23.5699996352196,,
CR.1.Q5,SDN,2000,92.12999939918521,,
CR.1.Q2,SDN,2000,40.7200008630753,,
NER.01.F.CP,SDN,2000,0,NA,
CR.1.M,SDN,2000,59.93999838829041,,
CR.2.F,SDN,2000,38.9499992132187,,
LR.AG65T99.GPIA,SDN,2000,.2128500044345856,,
LR.AG15T99.F,SDN,2000,52.14640045166016,,
CR.2.Q5,SDN,2000,69.78999972343441,,
CR.3.RUR,SDN,2000,3.42999994754791,,
CR.1.GPIA,SDN,2000,.9617951512336731,,
CR.3.WPIA,SDN,2000,.0190265495330095,,
CR.2.GPIA,SDN,2000,.9251781105995178,,
CR.1.LPIA,SDN,2000,.5860931873321533,,
CR.1.URB,SDN,2000,72.7699995040894,,
CR.2.WPIA,SDN,2000,.2063332796096802,,
CR.2.RUR,SDN,2000,26.3000011444092,,
CR.3.Q4,SDN,2000,5.22000007331371,,
CR.2.LPIA,SDN,2000,.5086057186126709,,
CR.3.LPIA,SDN,2000,.3135283291339874,,
XGDP.FSGOV.FFNTR,SDN,2000,1.012179970741272,,
CR.3.M,SDN,2000,8.12999978661537,,
LR.AG65T99.F,SDN,2000,8.279339790344238,,
XGOVEXP.IMF,SDN,2000,9.116889953613281,,
CR.3.Q5,SDN,2000,22.5999996066093,,
LR.AG15T99,SDN,2000,61.34587097167969,,
GER.5T8.M,SDN,2000,5.533820152282715,,
NER.01.GPIA.CP,SDN,2000,0,NA,
LR.AG65T99.M,SDN,2000,38.89764022827148,,
CR.1.M,SDN,2001,59.01200485229492,,
YEARS.FC.COMP.02,SDN,2001,0,NIL,
NER.01.CP,SDN,2001,0,NA,
CR.1,SDN,2001,56.15999984741211,,
NER.01.M.CP,SDN,2001,0,NA,
GER.5T8.F,SDN,2001,8.772270202636719,,
CR.1.F,SDN,2001,53.08200454711914,,
CR.1.GPIA,SDN,2001,.899511992931366,,
NER.01.F.CP,SDN,2001,0,NA,
YEARS.FC.COMP.1T3,SDN,2001,0,NIL,
GER.5T8.M,SDN,2001,6.987070083618164,,
NER.01.GPIA.CP,SDN,2001,0,NA,
GER.5T8.GPIA,SDN,2001,1.203510046005249,,
GER.5T8,SDN,2001,7.834000110626221,,
XGDP.FSINT.FFNTR,SDN,2002,.0289814006537199,,
CR.1.GPIA,SDN,2002,.9051226377487183,,
YEARS.FC.COMP.02,SDN,2002,0,NIL,
CR.1.F,SDN,2002,54.37754440307617,,
GER.5T8.F,SDN,2002,9.918169975280762,,
XGOVEXP.IMF,SDN,2002,11.04489040374756,,
GER.5T8.M,SDN,2002,7.738110065460205,,
NER.01.F.CP,SDN,2002,0,NA,
GER.5T8,SDN,2002,8.773099899291992,,
NER.01.CP,SDN,2002,0,NA,
NER.01.M.CP,SDN,2002,0,NA,
CR.1,SDN,2002,57.31999969482422,,
XGDP.FSGOV.FFNTR,SDN,2002,1.164250016212463,,
YEARS.FC.COMP.1T3,SDN,2002,0,NIL,
CR.1.M,SDN,2002,60.07754516601563,,
NER.01.GPIA.CP,SDN,2002,0,NA,
XGDP.FSGOV,SDN,2002,1.164250016212463,,
GER.5T8.GPIA,SDN,2002,1.219799995422363,,
CR.1.F,SDN,2003,55.78801345825195,,
NER.01.CP,SDN,2003,0,NA,
CR.1.GPIA,SDN,2003,.9120455384254456,,
GER.5T8.M,SDN,2003,7.269010066986084,,
YEARS.FC.COMP.02,SDN,2003,0,NIL,
CR.1.M,SDN,2003,61.16801452636719,,
NER.01.M.CP,SDN,2003,0,NA,
GER.5T8,SDN,2003,8.125510215759277,,
GER.5T8.F,SDN,2003,9.06820011138916,,
NER.01.F.CP,SDN,2003,0,NA,
NER.01.GPIA.CP,SDN,2003,0,NA,
YEARS.FC.COMP.1T3,SDN,2003,0,NIL,
CR.1,SDN,2003,58.54999923706055,,
GER.5T8.GPIA,SDN,2003,1.198410034179688,,
CR.1,SDN,2004,59.83000183105469,,
NER.01.CP,SDN,2004,0,NA,
CR.1.F,SDN,2004,57.27128982543945,,
GER.5T8.GPIA,SDN,2004,1.175029993057251,,
XGDP.FSINT.FFNTR,SDN,2004,.0757955014705658,,
NER.01.F.CP,SDN,2004,0,NA,
YEARS.FC.COMP.02,SDN,2004,0,NIL,
YEARS.FC.COMP.1T3,SDN,2004,0,NIL,
GER.5T8,SDN,2004,9.838709831237793,,
NER.01.GPIA.CP,SDN,2004,0,NA,
NER.01.M.CP,SDN,2004,0,NA,
XGOVEXP.IMF,SDN,2004,7.949240207672119,,
XGDP.FSGOV,SDN,2004,1.312549948692322,,
GER.5T8.M,SDN,2004,8.933030128479004,,
CR.1.GPIA,SDN,2004,.9195585250854492,,
GER.5T8.F,SDN,2004,10.82835960388184,,
XGDP.FSGOV.FFNTR,SDN,2004,1.312549948692322,,
CR.1.M,SDN,2004,62.28128814697266,,
YEARS.FC.COMP.02,SDN,2005,0,NIL,
CR.1.GPIA,SDN,2005,.9270839095115662,,
YEARS.FC.FREE.1T3,SDN,2005,6,,
CR.1.F,SDN,2005,58.7404670715332,,
XGOVEXP.IMF,SDN,2005,5.966800212860107,,
CR.1,SDN,2005,61.09000015258789,,
GER.5T8.F,SDN,2005,12.07985019683838,,
YEARS.FC.FREE.02,SDN,2005,0,NIL,
YEARS.FC.COMP.1T3,SDN,2005,6,,
NER.01.GPIA.CP,SDN,2005,0,NA,
NER.01.M.CP,SDN,2005,0,NA,
GER.5T8,SDN,2005,11.05383014678955,,
XGDP.FSGOV,SDN,2005,1.178429961204529,,
GER.5T8.M,SDN,2005,10.10381031036377,,
XGDP.FSINT.FFNTR,SDN,2005,.0803467035293579,,
NER.01.CP,SDN,2005,0,NA,
XGDP.FSGOV.FFNTR,SDN,2005,1.178429961204529,,
NER.01.F.CP,SDN,2005,0,NA,
GER.5T8.GPIA,SDN,2005,1.163579940795898,,
CR.1.M,SDN,2005,63.36046600341797,,
CR.1.M,SDN,2006,64.45613098144531,,
ODAFLOW.VOLUMESCHOLARSHIP,SDN,2006,1783440,,
XGDP.FSINT.FFNTR,SDN,2006,.0837583020329475,,
XGDP.FSGOV.FFNTR,SDN,2006,1.553539991378784,,
NER.01.GPIA.CP,SDN,2006,0,NA,
CR.1.F,SDN,2006,60.12613296508789,,
YEARS.FC.FREE.1T3,SDN,2006,6,,
GER.5T8.GPIA,SDN,2006,1.196230053901672,,
GER.5T8,SDN,2006,12.48472023010254,,
CR.1,SDN,2006,62.31999969482422,,
YEARS.FC.FREE.02,SDN,2006,0,NIL,
XGDP.FSGOV,SDN,2006,1.553539991378784,,
CR.1.GPIA,SDN,2006,.932822585105896,,
GER.5T8.F,SDN,2006,13.89064025878906,,
XGOVEXP.IMF,SDN,2006,8.25316047668457,,
NER.01.M.CP,SDN,2006,0,NA,
NER.01.CP,SDN,2006,0,NA,
YEARS.FC.COMP.1T3,SDN,2006,6,,
GER.5T8.M,SDN,2006,11.16481971740723,,
NER.01.F.CP,SDN,2006,0,NA,
YEARS.FC.COMP.02,SDN,2006,0,NIL,
CR.1.F,SDN,2007,61.54409027099609,,
XGDP.FSGOV.FFNTR,SDN,2007,1.568127989768982,,
YEARS.FC.COMP.1T3,SDN,2007,6,,
XGDP.FSINT.FFNTR,SDN,2007,.0724299997091293,,
YEARS.FC.COMP.02,SDN,2007,0,NIL,
YEARS.FC.FREE.02,SDN,2007,0,NIL,
GER.5T8.F,SDN,2007,13.51473999023438,,
CR.1,SDN,2007,63.56000137329102,,
GER.5T8.M,SDN,2007,10.98052978515625,,
GER.5T8,SDN,2007,12.21448040008545,,
GER.5T8.GPIA,SDN,2007,1.187510013580322,,
NER.01.GPIA.CP,SDN,2007,0,NA,
NER.01.F.CP,SDN,2007,0,NA,
YEARS.FC.FREE.1T3,SDN,2007,6,,
CR.1.M,SDN,2007,65.53408813476563,,
CR.1.GPIA,SDN,2007,.9391157031059265,,
NER.01.CP,SDN,2007,0,NA,
NER.01.M.CP,SDN,2007,0,NA,
ODAFLOW.VOLUMESCHOLARSHIP,SDN,2007,1147971,,
LR.AG15T24.M,SDN,2008,68.66786193847656,,
LR.AG15T99.GPIA,SDN,2008,.7809500098228455,,
LR.AG65T99.GPIA,SDN,2008,.3193300068378448,,
NER.01.CP,SDN,2008,0,NA,
XGDP.FSGOV,SDN,2008,1.851500034332275,,
LR.AG25T64,SDN,2008,49.64633941650391,,
XGDP.FSGOV.FFNTR,SDN,2008,1.851500034332275,,
LR.AG25T64.URB.GPIA,SDN,2008,.6845899820327759,,
NER.01.GPIA.CP,SDN,2008,0,NA,
LR.AG25T64.RUR.M,SDN,2008,49.1859016418457,,
LR.AG65T99.RUR.F,SDN,2008,7.558249950408936,,
GER.5T8.F,SDN,2008,14.40139961242676,,
LR.AG25T64.RUR.GPIA,SDN,2008,.7248499989509583,,
LR.AG65T99.URB.M,SDN,2008,38.71749877929688,,
LR.AG65T99.URB,SDN,2008,27.42893028259277,,
LR.AG15T99,SDN,2008,53.51737976074219,,
LR.AG65T99.RUR.M,SDN,2008,27.22113990783691,,
LR.AG15T24.RUR,SDN,2008,60.59212112426758,,
LR.AG65T99.LPIA,SDN,2008,.7214800119400024,,
LR.AG15T99.URB,SDN,2008,57.43658065795898,,
LR.AG15T99.RUR,SDN,2008,47.49295043945313,,
YEARS.FC.COMP.1T3,SDN,2008,6,,
LR.AG25T64.F.LPIA,SDN,2008,.8118799924850464,,
LR.AG15T24.GPIA,SDN,2008,.9133399724960327,,
LR.AG25T64.URB.F,SDN,2008,43.913330078125,,
LR.AG15T24.URB.M,SDN,2008,73.70585632324219,,
NER.01.M.CP,SDN,2008,0,NA,
NER.01.F.CP,SDN,2008,0,NA,
CR.1.F,SDN,2008,62.95927810668945,,
CR.1,SDN,2008,64.66999816894531,,
LR.AG25T64.RUR,SDN,2008,43.07241058349609,,
YEARS.FC.COMP.02,SDN,2008,0,NIL,
XGDP.FSINT.FFNTR,SDN,2008,.0963938012719154,,
LR.AG65T99.M,SDN,2008,33.68962860107422,,
LR.AG25T64.URB.M,SDN,2008,64.14557647705078,,
LR.AG15T24.RUR.F,SDN,2008,59.00234985351563,,
LR.AG25T64.F,SDN,2008,40.91156005859375,,
LR.AG15T99.URB.F,SDN,2008,49.39323043823242,,
LR.AG25T64.RUR.F,SDN,2008,35.65216064453125,,
LR.AG65T99.M.LPIA,SDN,2008,.7030699849128723,,
LR.AG15T99.F.LPIA,SDN,2008,.8504599928855896,,
LR.AG15T99.URB.M,SDN,2008,65.57112121582031,,
LR.AG25T64.M.LPIA,SDN,2008,.766789972782135,,
GER.5T8.GPIA,SDN,2008,1.109799981117249,,
LR.AG15T24.URB.F,SDN,2008,64.84719085693359,,
CR.1.M,SDN,2008,66.34928131103516,,
LR.AG65T99.RUR,SDN,2008,19.78944969177246,,
LR.AG65T99.URB.F,SDN,2008,12.72646045684814,,
LR.AG15T99.URB.GPIA,SDN,2008,.753279983997345,,
LR.AG65T99,SDN,2008,24.26523017883301,,
LR.AG15T24.LPIA,SDN,2008,.8753299713134766,,
LR.AG25T64.LPIA,SDN,2008,.7996199727058411,,
LR.AG15T24.RUR.M,SDN,2008,61.85530853271484,,
LR.AG15T24.M.LPIA,SDN,2008,.8392199873924255,,
LR.AG15T99.RUR.M,SDN,2008,51.86785888671875,,
LR.AG65T99.RUR.GPIA,SDN,2008,.2776600122451782,,
LR.AG25T64.URB,SDN,2008,53.86632919311523,,
LR.AG65T99.URB.GPIA,SDN,2008,.3287000060081482,,
GER.5T8,SDN,2008,13.59375953674316,,
LR.AG15T99.RUR.F,SDN,2008,42.00720977783203,,
LR.AG15T99.LPIA,SDN,2008,.8268799781799316,,
LR.AG65T99.F.LPIA,SDN,2008,.5939000248908997,,
YEARS.FC.FREE.1T3,SDN,2008,6,,
LR.AG15T24.URB,SDN,2008,69.2222900390625,,
LR.AG25T64.M,SDN,2008,57.90647888183594,,
LR.AG15T99.RUR.GPIA,SDN,2008,.8098899722099304,,
LR.AG15T24.F,SDN,2008,62.71715927124023,,
LR.AG15T24.F.LPIA,SDN,2008,.9098700284957886,,
LR.AG15T24.URB.GPIA,SDN,2008,.8798099756240845,,
LR.AG15T99.M,SDN,2008,59.79824829101563,,
CR.1.GPIA,SDN,2008,.9489067196846008,,
LR.AG65T99.F,SDN,2008,10.75815963745117,,
LR.AG25T64.GPIA,SDN,2008,.7065100073814392,,
LR.AG15T99.M.LPIA,SDN,2008,.7910199761390686,,
ODAFLOW.VOLUMESCHOLARSHIP,SDN,2008,2082495,,
GER.5T8.M,SDN,2008,12.82017040252686,,
LR.AG15T99.F,SDN,2008,46.69963073730469,,
LR.AG15T24,SDN,2008,65.80535125732422,,
LR.AG15T24.RUR.GPIA,SDN,2008,.9538800120353699,,
XGOVEXP.IMF,SDN,2008,9.392780303955078,,
YEARS.FC.FREE.02,SDN,2008,0,NIL,
NER.01.CP,SDN,2009,0,NA,
XGDP.FSINT.FFNTR,SDN,2009,.1562242954969406,,
YEARS.FC.COMP.1T3,SDN,2009,6,,
GER.5T8.F,SDN,2009,15.0994701385498,,
XGDP.FSHH.FFNTR,SDN,2009,1.409999966621399,,
GER.5T8.GPIA,SDN,2009,1.135540008544922,,
CR.1.M,SDN,2009,67.00665283203125,,
NER.01.F.CP,SDN,2009,0,NA,
NER.01.GPIA.CP,SDN,2009,0,NA,
GER.5T8.M,SDN,2009,13.05286979675293,,
XGOVEXP.IMF,SDN,2009,10.78182029724121,,
YEARS.FC.FREE.1T3,SDN,2009,6,,
GER.5T8,SDN,2009,14.05902004241943,,
XGDP.FSGOV,SDN,2009,2.022130012512207,,
YEARS.FC.FREE.02,SDN,2009,0,NIL,
CR.1,SDN,2009,65.58999633789063,,
CR.1.F,SDN,2009,64.14665222167969,,
YEARS.FC.COMP.02,SDN,2009,0,NIL,
NER.01.M.CP,SDN,2009,0,NA,
ODAFLOW.VOLUMESCHOLARSHIP,SDN,2009,1907460,,
XGDP.FSGOV.FFNTR,SDN,2009,2.022130012512207,,
CR.1.GPIA,SDN,2009,.9573176503181458,,
XGDP.FSGOV.FSHH.FSODA.FFNTR,SDN,2009,3.432132959365845,,
CR.3.Q4,SDN,2010,44.8199987411499,,
ROFST.H.2.Q2,SDN,2010,36.3299995660782,,
ROFST.H.2.RUR.Q5.M,SDN,2010,1.86999998986721,,
CR.1.RUR.Q4,SDN,2010,87.6800000667572,,
ROFST.H.2.Q2.M,SDN,2010,32.1700006723404,,
OAEPG.H.1.Q1.F,SDN,2010,52.1399974822998,,
NARA.AGM1.RUR.Q1.M,SDN,2010,0,NIL,
ROFST.H.3.URB.Q5,SDN,2010,10.3900000452995,,
NARA.AGM1.URB.Q3.F,SDN,2010,0,NIL,
NARA.AGM1.Q1.M,SDN,2010,0,NIL,
ROFST.H.3.URB.Q4.M,SDN,2010,22.9599997401237,,
CR.2.RUR,SDN,2010,45.4299986362457,,
ROFST.H.2.URB.Q1,SDN,2010,26.8400013446808,,
CR.3.M,SDN,2010,36.6299986839294,,
CR.2.RUR.Q5.F,SDN,2010,86.6599977016449,,
ROFST.H.3.Q5.F,SDN,2010,9.62999984622002,,
NARA.AGM1.Q1,SDN,2010,0,NIL,
CR.3.RUR.Q1.F,SDN,2010,5.09000010788441,,
YEARS.FC.FREE.1T3,SDN,2010,8,,
OAEPG.H.1.RUR,SDN,2010,47.6000010967255,,
ROFST.H.2.Q5.M,SDN,2010,5.00000007450581,,
NARA.AGM1.Q3.M,SDN,2010,0,NIL,
ROFST.H.2.Q3.F,SDN,2010,24.8099997639656,,
ROFST.H.2.Q3,SDN,2010,23.2899993658066,,
YEARS.FC.FREE.02,SDN,2010,0,NIL,
CR.3,SDN,2010,33.5999995470047,,
ROFST.H.2.URB.Q2.M,SDN,2010,16.8599992990494,,
ROFST.H.3.Q5.M,SDN,2010,11.5199998021126,,
CR.1.Q2.M,SDN,2010,58.60999822616581,,
ROFST.H.1.URB.Q2.F,SDN,2010,36.0500007867813,,
CR.3.URB.Q5,SDN,2010,74.45999979972841,,
ROFST.H.1.URB.Q2.M,SDN,2010,34.0000003576279,,
AIR.1.GLAST.F,SDN,2010,57.34133148193359,,
NARA.AGM1.URB.Q2,SDN,2010,0,NIL,
CR.2.M,SDN,2010,61.5700006484985,,
ROFST.H.1.URB.Q4.F,SDN,2010,10.0000001490116,,
CR.2.Q3.M,SDN,2010,57.7499985694885,,
ROFST.H.2.URB,SDN,2010,11.6899996995926,,
CR.3.RUR.Q1,SDN,2010,6.159999966621401,,
OAEPG.H.1.Q1.M,SDN,2010,55.5400013923645,,
ROFST.H.2.M,SDN,2010,20.1299995183945,,
ROFST.H.1.URB.Q5,SDN,2010,3.92999984323978,,
ROFST.H.2.URB.Q5.M,SDN,2010,6.790000200271611,,
ROFST.H.3.RUR.Q3,SDN,2010,42.8999990224838,,
CR.3.RUR.Q1.M,SDN,2010,8.030000329017641,,
ROFST.H.2.URB.Q2.F,SDN,2010,26.5399992465973,,
CR.2.RUR.Q4.M,SDN,2010,70.38999795913699,,
ROFST.H.1.F,SDN,2010,31.9900006055832,,
CR.3.URB.F,SDN,2010,53.45000028610229,,
CR.1.Q5.F,SDN,2010,96.7199981212616,,
ROFST.H.3.RUR.Q3.F,SDN,2010,49.4899988174438,,
ROFST.H.1.RUR.Q2.M,SDN,2010,39.8999989032745,,
CR.1.RUR.Q3.M,SDN,2010,75.4800021648407,,
ROFST.H.3.RUR.Q4.M,SDN,2010,23.3999997377396,,
NARA.AGM1.Q2.M,SDN,2010,0,NIL,
ROFST.H.1.URB.Q4.M,SDN,2010,10.7500001788139,,
ROFST.H.1.RUR.Q5,SDN,2010,2.94000003486872,,
NARA.AGM1.M,SDN,2010,0,NIL,
NARA.AGM1.Q4.M,SDN,2010,0,NIL,
ROFST.H.3.Q2,SDN,2010,48.2100009918213,,
NARA.AGM1.RUR.Q2,SDN,2010,0,NIL,
YEARS.FC.COMP.02,SDN,2010,0,NIL,
OAEPG.H.1.Q1,SDN,2010,54.0600001811981,,
CR.3.URB.Q3.F,SDN,2010,16.9599995017052,,
ROFST.H.2.Q2.F,SDN,2010,40.5400007963181,,
CR.3.RUR,SDN,2010,23.4400004148483,,
CR.1.URB.Q4.F,SDN,2010,87.8000020980835,,
ROFST.H.3.URB.Q3.M,SDN,2010,36.0000014305115,,
AIR.1.GLAST.GPIA,SDN,2010,.8110700249671936,,
CR.3.URB.Q5.F,SDN,2010,79.1800022125244,,
CR.2.Q1.F,SDN,2010,13.3399993181229,,
CR.1,SDN,2010,71.43999934196469,,
ROFST.H.2.WPIA,SDN,2010,1.921591997146606,,
CR.3.URB.Q4.M,SDN,2010,45.3500002622604,,
LR.AG15T24.Q1.F,SDN,2010,24.4299992918968,,
ROFST.H.3.URB.Q2.F,SDN,2010,45.6999987363815,,
CR.2.URB.Q5.F,SDN,2010,93.9499974250793,,
ROFST.H.1.RUR.F,SDN,2010,39.0799999237061,,
NARA.AGM1.Q2,SDN,2010,0,NIL,
CR.1.WPIA,SDN,2010,.3953729569911957,,
OAEPG.H.1.URB.Q5,SDN,2010,41.7100012302399,,
OAEPG.H.1.URB,SDN,2010,41.4400011301041,,
ROFST.H.2.Q5,SDN,2010,3.29000018537045,,
ROFST.H.3.Q4.F,SDN,2010,25.0400006771088,,
ROFST.H.3.RUR.F,SDN,2010,50.33000111579899,,
ROFST.H.1.RUR.Q2.F,SDN,2010,44.9299991130829,,
CR.2.RUR.Q1,SDN,2010,19.8300004005432,,
OAEPG.H.1.Q5.F,SDN,2010,41.4900004863739,,
CR.2.Q4.M,SDN,2010,72.71999716758731,,
AIR.2.GPV.GLAST.F,SDN,2010,48.20211029052734,,
ROFST.H.2.RUR.Q5,SDN,2010,2.03000009059906,,
ROFST.H.3.F,SDN,2010,40.200001001358,,
OAEPG.H.1.URB.Q5.F,SDN,2010,40.7999992370605,,
CR.3.RUR.Q2.F,SDN,2010,5.13999983668327,,
CR.2.RUR.F,SDN,2010,39.8999989032745,,
CR.2.URB.Q4.F,SDN,2010,76.3400018215179,,
ROFST.H.2.RUR.M,SDN,2010,24.0299999713898,,
NARA.AGM1.Q2.F,SDN,2010,0,NIL,
CR.1.RUR.Q5.F,SDN,2010,96.23000025749209,,
NARA.AGM1.Q5,SDN,2010,0,NIL,
ROFST.H.3.M,SDN,2010,27.1699994802475,,
OAEPG.H.1.F,SDN,2010,43.6899989843369,,
ROFST.H.1.RUR.Q4.M,SDN,2010,9.070000052452091,,
ROFST.H.3.RUR.Q1.M,SDN,2010,37.2000008821487,,
NARA.AGM1.URB.Q3,SDN,2010,0,NIL,
ROFST.H.1.Q2.M,SDN,2010,39.4300013780594,,
ROFST.H.3.RUR.Q1.F,SDN,2010,70.44000029563901,,
ROFST.H.1.RUR.Q1.F,SDN,2010,57.28999972343441,,
CR.3.F,SDN,2010,31.2900006771088,,
OAEPG.H.1.GPIA,SDN,2010,.9317551851272583,,
CR.1.Q3.M,SDN,2010,77.09000110626219,,
CR.1.URB.Q2.M,SDN,2010,71.7899978160858,,
CR.3.RUR.Q5.M,SDN,2010,62.7799987792969,,
NARA.AGM1.URB.Q5.F,SDN,2010,0,NIL,
NARA.AGM1.Q5.M,SDN,2010,0,NIL,
ROFST.H.1.Q3.M,SDN,2010,24.49000030756,,
ROFST.H.2.URB.Q3,SDN,2010,18.24000030756,,
ROFST.H.3.RUR.Q2,SDN,2010,49.099999666214,,
CR.1.Q4.M,SDN,2010,88.7499988079071,,
ROFST.H.3.RUR.Q5.M,SDN,2010,12.780000269413,,
CR.3.Q4.F,SDN,2010,44.8399990797043,,
ROFST.H.2.Q4,SDN,2010,12.1100001037121,,
CR.3.RUR.Q3.F,SDN,2010,14.0000000596046,,
NARA.AGM1.URB.Q3.M,SDN,2010,0,NIL,
ROFST.H.1.Q4,SDN,2010,9.780000150203701,,
ROFST.H.3.Q2.M,SDN,2010,33.21000039577481,,
NARA.AGM1.RUR.F,SDN,2010,0,NIL,
OAEPG.H.1.Q5.M,SDN,2010,41.4400011301041,,
NARA.AGM1.RUR.M,SDN,2010,0,NIL,
CR.3.RUR.Q5,SDN,2010,68.33999752998349,,
ROFST.H.2.RUR.Q1.M,SDN,2010,32.0899993181229,,
LR.AG15T24.Q5.F,SDN,2010,96.4600026607513,,
NARA.AGM1.Q5.F,SDN,2010,0,NIL,
ROFST.H.2.URB.Q2,SDN,2010,21.8999996781349,,
ROFST.H.3.URB.M,SDN,2010,20.3799992799759,,
ROFST.H.1.URB.Q4,SDN,2010,10.3799998760223,,
OAEPG.H.1.URB.Q5.M,SDN,2010,42.5799995660782,,
CR.2.LPIA,SDN,2010,.597213089466095,,
ROFST.H.3.URB.Q4,SDN,2010,22.5400000810623,,
NARA.AGM1.URB.F,SDN,2010,0,NIL,
OAEPG.H.1.Q5,SDN,2010,41.4700001478195,,
ROFST.H.3.URB.Q3.F,SDN,2010,44.1300004720688,,
CR.2.RUR.Q2.F,SDN,2010,20.610000193119,,
CR.1.RUR.Q1,SDN,2010,37.2200012207031,,
OAEPG.H.1.URB.Q1.F,SDN,2010,40.6100004911423,,
CR.3.URB.Q4,SDN,2010,47.2499996423721,,
CR.3.URB,SDN,2010,52.0500004291534,,
NARA.AGM1.RUR.Q3.F,SDN,2010,0,NIL,
CR.2.Q3,SDN,2010,50.2799987792969,,
OAEPG.H.1.URB.F,SDN,2010,40.5099987983704,,
CR.2.Q4.F,SDN,2010,71.78000211715701,,
ROFST.H.3.URB.Q2.M,SDN,2010,31.3499987125397,,
OAEPG.H.1.RUR.Q1.M,SDN,2010,55.5199980735779,,
ROFST.H.1.RUR.Q1,SDN,2010,52.60999798774721,,
ROFST.H.3.RUR.Q4.F,SDN,2010,28.4700006246567,,
CR.1.M,SDN,2010,76.44000053405759,,
ROFST.H.1.URB.Q1.F,SDN,2010,45.0700014829636,,
YEARS.FC.COMP.1T3,SDN,2010,8,,
CR.1.URB.Q1,SDN,2010,65.5499994754791,,
ROFST.H.2.Q5.F,SDN,2010,1.65999997407198,,
OAEPG.H.1.RUR.Q1.F,SDN,2010,52.49999761581419,,
ROFST.H.3.Q1,SDN,2010,53.7000000476837,,
ROFST.H.3.URB.Q5.F,SDN,2010,9.88999977707863,,
ROFST.H.1.URB.Q2,SDN,2010,34.9799990653992,,
CR.1.URB.Q3.F,SDN,2010,66.210001707077,,
CR.3.URB.Q3,SDN,2010,21.7600002884865,,
ROFST.H.2.RUR.Q2.M,SDN,2010,33.4100008010864,,
CR.1.Q2,SDN,2010,47.2799986600876,,
ROFST.H.1.Q2.F,SDN,2010,44.22999918460849,,
ROFST.H.3.URB,SDN,2010,20.7399994134903,,
ROFST.H.1.Q5.M,SDN,2010,3.07000000029802,,
ROFST.H.1.Q2,SDN,2010,41.7100012302399,,
LR.AG15T24.F,SDN,2010,64.8100018501282,,
CR.1.RUR.Q5,SDN,2010,95.64999938011171,,
ROFST.H.1.RUR.Q1.M,SDN,2010,47.8199988603592,,
ROFST.H.2.Q1.M,SDN,2010,31.810000538826,,
ROFST.H.2.URB.Q5,SDN,2010,4.06000018119812,,
ROFST.H.1.URB.Q5.M,SDN,2010,4.10999990999699,,
ROFST.H.3.URB.Q1,SDN,2010,32.1900010108948,,
ROFST.H.2.RUR.Q1,SDN,2010,42.3500001430511,,
CR.1.RUR.Q3,SDN,2010,69.2399978637695,,
ROFST.H.1.Q3,SDN,2010,27.2899985313416,,
NARA.AGM1.RUR.Q5.F,SDN,2010,0,NIL,
OAEPG.H.1.RUR.Q5,SDN,2010,41.0400003194809,,
CR.2.RUR.Q4.F,SDN,2010,66.8900012969971,,
ROFST.H.3.URB.Q4.F,SDN,2010,22.1200004220009,,
CR.3.WPIA,SDN,2010,.0883695185184479,,
CR.1.URB.Q5.F,SDN,2010,96.96999788284299,,
CR.1.URB.Q5.M,SDN,2010,96.53999805450439,,
NARA.AGM1.URB.Q2.M,SDN,2010,0,NIL,
CR.1.RUR.Q1.F,SDN,2010,29.4299989938736,,
CR.1.Q2.F,SDN,2010,36.10999882221221,,
NER.01.F.CP,SDN,2010,0,NA,
CR.3.Q1.M,SDN,2010,8.529999852180479,,
ROFST.H.1.Q5,SDN,2010,3.55999991297722,,
NARA.AGM1,SDN,2010,0,NIL,
CR.3.Q1.F,SDN,2010,5.16000017523766,,
ROFST.H.2.URB.Q4,SDN,2010,14.5999997854233,,
ROFST.H.3.RUR.Q5.F,SDN,2010,9.109999984502789,,
ROFST.H.3.Q3.M,SDN,2010,36.3900005817413,,
ROFST.H.2,SDN,2010,23.2299998402596,,
CR.1.RUR.F,SDN,2010,55.2500009536743,,
NARA.AGM1.URB.Q4.M,SDN,2010,0,NIL,
CR.1.RUR.Q1.M,SDN,2010,45.8200007677078,,
ROFST.H.1,SDN,2010,29.679998755455,,
GER.5T8.M,SDN,2010,13.32765960693359,,
CR.1.URB.F,SDN,2010,87.04000115394589,,
ROFST.H.2.RUR.Q3.M,SDN,2010,22.8499993681908,,
ROFST.H.1.URB.Q3.F,SDN,2010,26.129999756813,,
AIR.1.GLAST.M,SDN,2010,70.69805908203125,,
ROFST.H.1.URB.Q3.M,SDN,2010,23.7700000405312,,
CR.2.URB.Q2,SDN,2010,45.4299986362457,,
CR.3.RUR.Q2.M,SDN,2010,11.8600003421307,,
NER.01.M.CP,SDN,2010,0,NA,
CR.3.GPIA,SDN,2010,.8542178869247437,,
CR.1.RUR.Q4.F,SDN,2010,86.2399995326996,,
ROFST.H.2.RUR.Q1.F,SDN,2010,51.03999972343441,,
NARA.AGM1.URB.Q4.F,SDN,2010,0,NIL,
NARA.AGM1.Q4,SDN,2010,0,NIL,
CR.1.RUR.Q2.F,SDN,2010,35.1799994707108,,
ROFST.H.2.F,SDN,2010,26.0800004005432,,
OAEPG.H.1.WPIA,SDN,2010,1.232889413833618,,
CR.1.URB,SDN,2010,88.4800016880035,,
CR.1.URB.Q4.M,SDN,2010,88.6300027370453,,
ROFST.H.1.Q1,SDN,2010,52.2899985313416,,
ROFST.H.3.Q1.F,SDN,2010,69.30999755859381,,
ROFST.H.3.LPIA,SDN,2010,1.488784790039063,,
CR.2.URB.Q1,SDN,2010,15.9299999475479,,
ROFST.H.3.RUR.Q5,SDN,2010,10.8800001442432,,
CR.2.Q2.F,SDN,2010,22.2499996423721,,
CR.3.Q1,SDN,2010,6.3900001347065,,
CR.2.URB.Q4.M,SDN,2010,74.6800005435944,,
ROFST.H.2.Q1,SDN,2010,41.9600009918213,,
CR.2.Q5,SDN,2010,89.9200022220612,,
ROFST.H.2.GPIA,SDN,2010,1.22814416885376,,
ROFST.H.1.RUR.Q3,SDN,2010,28.3100008964539,,
CR.2.Q5.M,SDN,2010,88.3400022983551,,
CR.3.Q5,SDN,2010,72.31000065803531,,
CR.1.Q5,SDN,2010,96.3900029659271,,
ROFST.H.2.URB.Q3.M,SDN,2010,17.4799993634224,,
CR.2.RUR.Q2.M,SDN,2010,33.4100008010864,,
ROFST.H.3.Q1.M,SDN,2010,37.09000051021579,,
NARA.AGM1.URB.Q5,SDN,2010,0,NIL,
ROFST.H.2.RUR.Q5.F,SDN,2010,2.17000003904104,,
CR.2.URB.Q2.F,SDN,2010,40.9500002861023,,
CR.2.URB.Q3.M,SDN,2010,61.0400021076202,,
CR.2.URB.Q4,SDN,2010,75.51000118255619,,
ROFST.H.2.URB.M,SDN,2010,11.5900002419949,,
NER.01.CP,SDN,2010,0,NA,
OAEPG.H.1.LPIA,SDN,2010,1.129411816596985,,
ROFST.H.2.LPIA,SDN,2010,1.587944984436035,,
ROFST.H.2.URB.F,SDN,2010,11.7899999022484,,
CR.3.RUR.M,SDN,2010,27.9100000858307,,
CR.3.RUR.Q4.F,SDN,2010,41.0100013017654,,
CR.1.URB.Q3.M,SDN,2010,81.33999705314639,,
CR.1.URB.Q4,SDN,2010,88.2099986076355,,
ROFST.H.3.URB.Q3,SDN,2010,40.0599986314774,,
CR.2.URB,SDN,2010,76.0699987411499,,
CR.3.Q2.F,SDN,2010,5.609999969601629,,
NARA.AGM1.F,SDN,2010,0,NIL,
CR.3.Q4.M,SDN,2010,44.7800010442734,,
ROFST.H.1.Q4.M,SDN,2010,10.0000001490116,,
CR.2.RUR.Q5,SDN,2010,86.65000200271609,,
NARA.AGM1.RUR.Q5.M,SDN,2010,0,NIL,
CR.2.URB.Q3,SDN,2010,53.1799972057343,,
CR.3.RUR.Q3,SDN,2010,18.3699995279312,,
ROFST.H.3.RUR.Q2.F,SDN,2010,63.73999714851381,,
CR.1.LPIA,SDN,2010,.7030967473983765,,
CR.2.RUR.Q3.F,SDN,2010,42.5900012254715,,
CR.1.Q4,SDN,2010,87.9499971866608,,
CR.3.RUR.Q5.F,SDN,2010,75.3400027751923,,
ROFST.H.2.Q4.F,SDN,2010,13.3900001645088,,
ROFST.H.1.RUR,SDN,2010,35.9800010919571,,
ROFST.H.1.URB.F,SDN,2010,13.4900003671646,,
CR.3.URB.Q2,SDN,2010,10.1800002157688,,
CR.2.Q5.F,SDN,2010,91.2999987602234,,
NARA.AGM1.RUR.Q2.M,SDN,2010,0,NIL,
CR.3.RUR.F,SDN,2010,20.3299999237061,,
CR.3.URB.M,SDN,2010,50.4700005054474,,
CR.3.Q2.M,SDN,2010,11.6800002753735,,
ROFST.H.3.Q3,SDN,2010,42.0700013637543,,
ROFST.H.1.Q5.F,SDN,2010,4.089999943971629,,
ROFST.H.3.RUR.Q3.M,SDN,2010,36.5500003099442,,
ROFST.H.2.RUR.Q4.F,SDN,2010,10.3799998760223,,
CR.2.Q4,SDN,2010,72.2400009632111,,
ROFST.H.3.Q4,SDN,2010,24.0799993276596,,
ROFST.H.2.RUR.Q2.F,SDN,2010,41.7800009250641,,
CR.2.Q1.M,SDN,2010,29.0800005197525,,
NARA.AGM1.URB,SDN,2010,0,NIL,
CR.2.WPIA,SDN,2010,.2191948294639587,,
ROFST.H.1.URB.Q1.M,SDN,2010,36.939999461174,,
CR.1.Q1.F,SDN,2010,30.5200010538101,,
ROFST.H.1.RUR.Q3.F,SDN,2010,31.6599994897842,,
ROFST.H.3.URB.F,SDN,2010,21.0899993777275,,
OAEPG.H.1.RUR.F,SDN,2010,45.5900013446808,,
ROFST.H.3.RUR.Q4,SDN,2010,25.7099986076355,,
ROFST.H.3.WPIA,SDN,2010,1.803538203239441,,
CR.3.RUR.Q2,SDN,2010,7.91999995708466,,
CR.3.URB.Q2.F,SDN,2010,10.080000013113,,
ROFST.H.2.RUR.F,SDN,2010,32.3300004005432,,
ROFST.H.1.GPIA,SDN,2010,1.142857193946838,,
CR.2.Q2.M,SDN,2010,35.0100010633469,,
CR.3.RUR.Q3.M,SDN,2010,25.1500010490417,,
CR.2.RUR.Q1.F,SDN,2010,13.3699998259544,,
AIR.1.GLAST,SDN,2010,64.09546661376953,,
ROFST.H.3.URB.Q5.M,SDN,2010,10.8999997377396,,
NARA.AGM1.RUR.Q3,SDN,2010,0,NIL,
ROFST.H.3.RUR,SDN,2010,40.5699998140335,,
CR.1.Q1,SDN,2010,38.1099998950958,,
NARA.AGM1.RUR.Q2.F,SDN,2010,0,NIL,
OAEPG.H.1.M,SDN,2010,46.8899995088577,,
CR.1.RUR.M,SDN,2010,69.19000148773191,,
AIR.2.GPV.GLAST.M,SDN,2010,58.71488952636719,,
ROFST.H.3.RUR.Q2.M,SDN,2010,33.390000462532,,
OAEPG.H.1.RUR.Q5.F,SDN,2010,42.7500009536743,,
CR.1.F,SDN,2010,66.46999716758731,,
CR.2,SDN,2010,56.6799998283386,,
GER.5T8.F,SDN,2010,15.79706001281738,,
ROFST.H.3.URB.Q2,SDN,2010,37.11000084877011,,
ROFST.H.1.RUR.Q5.F,SDN,2010,4.67999987304211,,
ROFST.H.2.RUR.Q4,SDN,2010,9.20000001788139,,
CR.1.RUR.Q5.M,SDN,2010,95.0100004673004,,
ROFST.H.1.Q3.F,SDN,2010,30.1099985837936,,
CR.1.Q3.F,SDN,2010,63.71999979019169,,
OAEPG.H.1.RUR.Q5.M,SDN,2010,39.520001411438,,
CR.2.Q3.F,SDN,2010,44.0299987792969,,
CR.2.Q2,SDN,2010,27.8800010681152,,
ROFST.H.3.Q5,SDN,2010,10.5499997735023,,
ROFST.H.2.URB.Q3.F,SDN,2010,18.7999993562698,,
CR.3.LPIA,SDN,2010,.450336217880249,,
ROFST.H.3.RUR.Q1,SDN,2010,54.36999797821041,,
ROFST.H.2.RUR.Q3,SDN,2010,25.110000371933,,
CR.3.Q3.M,SDN,2010,25.7999986410141,,
ROFST.H.1.RUR.M,SDN,2010,32.940000295639,,
ROFST.H.3.Q3.F,SDN,2010,47.9000002145767,,
AIR.2.GPV.GLAST.GPIA,SDN,2010,.8209499716758728,,
CR.1.Q3,SDN,2010,70.45000195503231,,
AIR.2.GPV.GLAST,SDN,2010,53.51300811767578,,
ROFST.H.1.RUR.Q3.M,SDN,2010,24.8199999332428,,
CR.1.Q1.M,SDN,2010,46.4800000190735,,
NARA.AGM1.Q3,SDN,2010,0,NIL,
OAEPG.H.1.RUR.Q1,SDN,2010,54.1999995708466,,
ROFST.H.3.GPIA,SDN,2010,1.324129343032837,,
CR.1.RUR.Q2.M,SDN,2010,57.2499990463257,,
ROFST.H.2.RUR.Q3.F,SDN,2010,27.2199988365173,,
ROFST.H.1.M,SDN,2010,27.4199992418289,,
CR.3.Q3.F,SDN,2010,14.8000001907349,,
NARA.AGM1.RUR,SDN,2010,0,NIL,
CR.3.RUR.Q4,SDN,2010,42.2100007534027,,
CR.2.URB.Q2.M,SDN,2010,50.220000743866,,
CR.1.RUR,SDN,2010,62.2099995613098,,
ROFST.H.1.URB.Q5.F,SDN,2010,3.75000014901161,,
CR.2.URB.F,SDN,2010,75.7099986076355,,
CR.2.URB.Q5,SDN,2010,91.7800009250641,,
CR.2.URB.M,SDN,2010,76.4599978923798,,
ROFST.H.1.WPIA,SDN,2010,1.931918144226074,,
CR.2.RUR.Q1.M,SDN,2010,29.4800013303757,,
CR.1.URB.Q5,SDN,2010,96.75999879837039,,
GER.5T8,SDN,2010,14.54658031463623,,
ROFST.H.2.URB.Q5.F,SDN,2010,1.32999997586012,,
OAEPG.H.1.URB.Q1,SDN,2010,49.7500002384186,,
CR.2.RUR.M,SDN,2010,52.3100018501282,,
OAEPG.H.1.RUR.M,SDN,2010,49.2900013923645,,
NARA.AGM1.RUR.Q4.F,SDN,2010,0,NIL,
NARA.AGM1.Q3.F,SDN,2010,0,NIL,
ROFST.H.1.RUR.Q4.F,SDN,2010,9.04000028967857,,
NARA.AGM1.RUR.Q1,SDN,2010,0,NIL,
CR.2.URB.Q5.M,SDN,2010,89.3100023269653,,
LR.AG15T24.RUR.F,SDN,2010,54.0600001811981,,
CR.2.RUR.Q4,SDN,2010,68.5599982738495,,
OAEPG.H.1.URB.Q1.M,SDN,2010,56.15000128746031,,
NARA.AGM1.RUR.Q5,SDN,2010,0,NIL,
ROFST.H.2.Q3.M,SDN,2010,21.5499997138977,,
NARA.AGM1.Q1.F,SDN,2010,0,NIL,
ROFST.H.1.URB,SDN,2010,13.4700000286102,,
CR.2.RUR.Q3.M,SDN,2010,56.09999895095829,,
CR.3.Q5.F,SDN,2010,77.9699981212616,,
ROFST.H.2.URB.Q4.M,SDN,2010,13.00999969244,,
NARA.AGM1.RUR.Q3.M,SDN,2010,0,NIL,
NER.01.GPIA.CP,SDN,2010,0,NA,
CR.3.URB.Q5.M,SDN,2010,69.379997253418,,
CR.2.F,SDN,2010,52.56000161170959,,
CR.3.Q5.M,SDN,2010,66.839998960495,,
CR.3.Q3,SDN,2010,19.3900004029274,,
ROFST.H.1.LPIA,SDN,2010,1.625625371932983,,
NARA.AGM1.URB.M,SDN,2010,0,NIL,
ODAFLOW.VOLUMESCHOLARSHIP,SDN,2010,1629529,,
ROFST.H.1.Q1.F,SDN,2010,56.98999762535099,,
ROFST.H.1.RUR.Q4,SDN,2010,9.0599998831749,,
ROFST.H.1.URB.Q1,SDN,2010,40.6800001859665,,
NARA.AGM1.RUR.Q4,SDN,2010,0,NIL,
ROFST.H.2.RUR,SDN,2010,28.3699989318848,,
CR.2.GPIA,SDN,2010,.8536624908447266,,
CR.1.GPIA,SDN,2010,.8695708513259888,,
CR.3.RUR.Q4.M,SDN,2010,44.080001115799,,
ROFST.H.3.Q2.F,SDN,2010,62.6800000667572,,
CR.1.RUR.Q3.F,SDN,2010,62.62999773025511,,
CR.2.URB.Q3.F,SDN,2010,46.7999994754791,,
ROFST.H.2.RUR.Q4.M,SDN,2010,7.76999965310097,,
NARA.AGM1.URB.Q5.M,SDN,2010,0,NIL,
CR.1.RUR.Q2,SDN,2010,45.9300011396408,,
ROFST.H.1.Q1.M,SDN,2010,47.4999994039536,,
LR.AG15T24.URB.F,SDN,2010,83.9900016784668,,
CR.2.RUR.Q5.M,SDN,2010,86.6400003433228,,
CR.2.Q1,SDN,2010,19.709999859333,,
CR.3.URB.Q3.M,SDN,2010,27.0300000905991,,
CR.3.URB.Q2.M,SDN,2010,10.2899998426437,,
NARA.AGM1.URB.Q4,SDN,2010,0,NIL,
CR.2.RUR.Q3,SDN,2010,48.8000005483627,,
ROFST.H.1.URB.Q3,SDN,2010,24.8799994587898,,
CR.2.RUR.Q2,SDN,2010,26.2100011110306,,
OAEPG.H.1,SDN,2010,45.3900009393692,,
ROFST.H.2.RUR.Q2,SDN,2010,37.5600010156631,,
ROFST.H.3.Q4.M,SDN,2010,23.1900006532669,,
NARA.AGM1.RUR.Q1.F,SDN,2010,0,NIL,
CR.1.URB.M,SDN,2010,89.9399995803833,,
NARA.AGM1.RUR.Q4.M,SDN,2010,0,NIL,
ROFST.H.3,SDN,2010,33.7000012397766,,
ROFST.H.1.RUR.Q5.M,SDN,2010,1.37000000104308,,
OAEPG.H.1.URB.M,SDN,2010,42.3299998044968,,
ROFST.H.1.URB.M,SDN,2010,13.4499996900558,,
ROFST.H.3.RUR.M,SDN,2010,30.7700008153915,,
CR.1.URB.Q2,SDN,2010,63.55999708175661,,
ROFST.H.2.Q4.M,SDN,2010,10.7400000095367,,
CR.3.Q2,SDN,2010,8.15000012516975,,
ROFST.H.2.URB.Q4.F,SDN,2010,16.2200003862381,,
CR.1.Q5.M,SDN,2010,96.0399985313416,,
CR.1.RUR.Q4.M,SDN,2010,88.8700008392334,,
GER.5T8.GPIA,SDN,2010,1.156319975852966,,
ROFST.H.1.Q4.F,SDN,2010,9.560000151395801,,
NARA.AGM1.URB.Q2.F,SDN,2010,0,NIL,
CR.1.Q4.F,SDN,2010,87.0800018310547,,
ROFST.H.2.Q1.F,SDN,2010,50.629997253418,,
ROFST.H.1.RUR.Q2,SDN,2010,42.2800004482269,,
CR.1.URB.Q3,SDN,2010,73.4399974346161,,
NARA.AGM1.Q4.F,SDN,2010,0,NIL,
CR.3.URB.Q4.F,SDN,2010,48.8499999046326,,
ROFST.1.F.CP,SDN,2011,41.48892974853516,,
CR.1.F,SDN,2011,66.36168670654297,,
PRYA.12MO.AG15T24.M,SDN,2011,51.928514551264,,UIS_EST
EA.6T8.AG25T99,SDN,2011,9.640256637147553,,UIS_EST
EA.5T8.AG25T99,SDN,2011,10.04842472091611,,UIS_EST
EA.8.AG25T99,SDN,2011,.6580081745637212,,UIS_EST
OAEPG.1.F,SDN,2011,20.52825927734375,,
EA.1T8.AG25T99.M.LPIA,SDN,2011,.5529287572137054,,UIS_EST
EA.6T8.AG25T99.M,SDN,2011,10.75047964874052,,UIS_EST
EA.S1T8.AG25T99,SDN,2011,57.61271649353906,,UIS_EST
EA.8.AG25T99.URB.M,SDN,2011,1.185884042312711,,UIS_EST
EA.8.AG25T99.F.LPIA,SDN,2011,.4597085243479462,,UIS_EST
EA.2T8.AG25T99.RUR.GPIA,SDN,2011,.5488517080843467,,UIS_EST
EA.8.AG25T99.URB,SDN,2011,.8601018424970097,,UIS_EST
EA.5T8.AG25T99.RUR.GPIA,SDN,2011,.5904968740890747,,UIS_EST
ROFST.3.M.CP,SDN,2011,55.49990081787109,,
EA.6T8.AG25T99.RUR.GPIA,SDN,2011,.6011042834891532,,UIS_EST
EA.7T8.AG25T99.LPIA,SDN,2011,.3713258623499981,,UIS_EST
EA.7T8.AG25T99.F.LPIA,SDN,2011,.2804393710241676,,UIS_EST
ROFST.1T2.GPIA.CP,SDN,2011,1.157269954681396,,
EA.5T8.AG25T99.URB,SDN,2011,18.40640978616801,,UIS_EST
EA.8.AG25T99.URB.F,SDN,2011,.5242888862493594,,UIS_EST
EA.8.AG25T99.RUR.GPIA,SDN,2011,.3027076691619819,,UIS_EST
EA.4T8.AG25T99.M,SDN,2011,11.82067208607632,,UIS_EST
ROFST.1T3.GPIA.CP,SDN,2011,1.121819972991943,,
EA.6T8.AG25T99.GPIA,SDN,2011,.7872976006039808,,UIS_EST
EA.1T8.AG25T99.URB.F,SDN,2011,57.45987429828399,,UIS_EST
ROFST.1T3.M.CP,SDN,2011,42.25334930419922,,
EA.4T8.AG25T99.RUR.F,SDN,2011,3.467346865013311,,UIS_EST
EA.3T8.AG25T99.URB.F,SDN,2011,34.08713878452485,,UIS_EST
EA.8.AG25T99.GPIA,SDN,2011,.3730679399496355,,UIS_EST
EA.6T8.AG25T99.LPIA,SDN,2011,.2557767127852948,,UIS_EST
EA.S1T8.AG25T99.F,SDN,2011,48.71449290692283,,UIS_EST
EA.S1T8.AG25T99.M.LPIA,SDN,2011,.6769706180849527,,UIS_EST
EA.5T8.AG25T99.RUR.M,SDN,2011,5.8719140052387,,UIS_EST
EA.5T8.AG25T99.M,SDN,2011,11.22561454078919,,UIS_EST
EA.8.AG25T99.RUR.F,SDN,2011,.2410200702297212,,UIS_EST
EA.5T8.AG25T99.F,SDN,2011,8.80101687671754,,UIS_EST
NER.01.F.CP,SDN,2011,0,NA,
EA.S1T8.AG25T99.M,SDN,2011,66.01018505103831,,UIS_EST
EA.5T8.AG25T99.F.LPIA,SDN,2011,.2043957236756613,,UIS_EST
EA.5T8.AG25T99.RUR,SDN,2011,4.715017596362641,,UIS_EST
GER.5T8.F,SDN,2011,14.96280956268311,,
EA.S1T8.AG25T99.F.LPIA,SDN,2011,.5292364114920824,,UIS_EST
EA.1T8.AG25T99.URB,SDN,2011,63.94929519509714,,UIS_EST
PRYA.12MO.AG15T64.F,SDN,2011,16.6432086866022,,UIS_EST
EA.6T8.AG25T99.RUR.F,SDN,2011,3.361244041848352,,UIS_EST
NER.01.M.CP,SDN,2011,0,NA,
PRYA.12MO.AG15T24.F,SDN,2011,42.1950352869223,,UIS_EST
PRYA.12MO.AG15T64,SDN,2011,19.2016189925988,,UIS_EST
OAEPG.1.M,SDN,2011,21.91000938415527,,
EA.4T8.AG25T99.URB.M,SDN,2011,20.91671080999694,,UIS_EST
PRYA.12MO.AG25T54.F,SDN,2011,2.35529724395105,,UIS_EST
EA.1T8.AG25T99.RUR.M,SDN,2011,38.84041233951084,,UIS_EST
EA.S1T8.AG25T99.RUR,SDN,2011,46.29563009269791,,UIS_EST
EA.S1T8.AG25T99.URB.F,SDN,2011,68.08564679831218,,UIS_EST
EA.2T8.AG25T99.M.LPIA,SDN,2011,.4164054550819756,,UIS_EST
EA.1T8.AG25T99,SDN,2011,44.598843104404,,UIS_EST
EA.8.AG25T99.RUR,SDN,2011,.5290965176136273,,UIS_EST
EA.4T8.AG25T99.M.LPIA,SDN,2011,.2937896475164063,,UIS_EST
EA.1T8.AG25T99.GPIA,SDN,2011,.744791504081216,,UIS_EST
EA.2T8.AG25T99.URB.F,SDN,2011,39.12687885812986,,UIS_EST
EA.3T8.AG25T99.RUR.M,SDN,2011,16.32636423772133,,UIS_EST
EA.7T8.AG25T99.URB.F,SDN,2011,.8594373512874222,,UIS_EST
PRYA.12MO.AG55T64.M,SDN,2011,.727228893113358,,UIS_EST
EA.7T8.AG25T99.URB,SDN,2011,1.424884639774755,,UIS_EST
EA.3T8.AG25T99.RUR,SDN,2011,13.0083519530716,,UIS_EST
GER.5T8,SDN,2011,14.58837032318115,,
OAEPG.2.GPV.M,SDN,2011,29.87227058410645,,
EA.8.AG25T99.URB.GPIA,SDN,2011,.4421080540276864,,UIS_EST
EA.3T8.AG25T99.URB,SDN,2011,38.77454743868228,,UIS_EST
EA.1T8.AG25T99.M,SDN,2011,50.90668057948099,,UIS_EST
ROFST.1T3.CP,SDN,2011,45.15092849731445,,
PRYA.12MO.AG25T54.GPIA,SDN,2011,.582909323307651,,UIS_EST
ROFST.2T3.GPIA.CP,SDN,2011,1.06659996509552,,
ROFST.2.GPIA.CP,SDN,2011,1.108399987220764,,
CR.1,SDN,2011,67.18000030517578,,
NER.01.GPIA.CP,SDN,2011,0,NA,
EA.5T8.AG25T99.M.LPIA,SDN,2011,.2964738682901478,,UIS_EST
EA.2T8.AG25T99,SDN,2011,27.88170260412237,,UIS_EST
ROFST.1.M.CP,SDN,2011,34.14094161987305,,
YEARS.FC.FREE.02,SDN,2011,0,NIL,
EA.2T8.AG25T99.URB.GPIA,SDN,2011,.7621114375803977,,UIS_EST
EA.2T8.AG25T99.M,SDN,2011,32.89026156035116,,UIS_EST
PRYA.12MO.AG15T64.M,SDN,2011,21.6650400593004,,UIS_EST
EA.S1T8.AG25T99.RUR.GPIA,SDN,2011,.6459566958018211,,UIS_EST
EA.2T8.AG25T99.URB.M,SDN,2011,51.34010189159801,,UIS_EST
OAEPG.2.GPV.GPIA,SDN,2011,.9075000286102295,,
EA.S1T8.AG25T99.RUR.M,SDN,2011,55.78300158484794,,UIS_EST
EA.6T8.AG25T99.M.LPIA,SDN,2011,.2940231586994276,,UIS_EST
ROFST.3.F.CP,SDN,2011,57.69509124755859,,
EA.1T8.AG25T99.URB.GPIA,SDN,2011,.8179938103562889,,UIS_EST
EA.4T8.AG25T99.URB.F,SDN,2011,17.09502273265191,,UIS_EST
EA.3T8.AG25T99.GPIA,SDN,2011,.7180812561010348,,UIS_EST
EA.7T8.AG25T99.URB.GPIA,SDN,2011,.4355017075422413,,UIS_EST
EA.1T8.AG25T99.LPIA,SDN,2011,.5043678332707976,,UIS_EST
EA.4T8.AG25T99.GPIA,SDN,2011,.7504841538540629,,UIS_EST
EA.4T8.AG25T99.RUR,SDN,2011,4.871419968925697,,UIS_EST
ROFST.1T2.F.CP,SDN,2011,44.93046951293945,,
EA.2T8.AG25T99.RUR,SDN,2011,16.75260226604676,,UIS_EST
EA.3T8.AG25T99.M.LPIA,SDN,2011,.3768613122216811,,UIS_EST
EA.5T8.AG25T99.LPIA,SDN,2011,.2561617203538447,,UIS_EST
EA.3T8.AG25T99.URB.M,SDN,2011,43.32194286931124,,UIS_EST
ROFST.3.GPIA.CP,SDN,2011,1.038050055503845,,
CR.1.M,SDN,2011,67.981689453125,,
ROFST.2T3.CP,SDN,2011,55.1994514465332,,
EA.S1T8.AG25T99.URB,SDN,2011,75.35180358733773,,UIS_EST
EA.3T8.AG25T99.RUR.GPIA,SDN,2011,.5757286067227789,,UIS_EST
EA.8.AG25T99.F,SDN,2011,.3528968279040512,,UIS_EST
EA.S1T8.AG25T99.GPIA,SDN,2011,.7379844923818552,,UIS_EST
EA.1T8.AG25T99.F.LPIA,SDN,2011,.43717959663119,,UIS_EST
PRYA.12MO.AG15T64.GPIA,SDN,2011,.768205765650433,,UIS_EST
EA.4T8.AG25T99.RUR.M,SDN,2011,6.145113096071605,,UIS_EST
ODAFLOW.VOLUMESCHOLARSHIP,SDN,2011,2211981,,
EA.3T8.AG25T99.F,SDN,2011,19.17178926713743,,UIS_EST
PRYA.12MO.AG15T24,SDN,2011,47.2060149045503,,UIS_EST
EA.7T8.AG25T99,SDN,2011,.8793692179670819,,UIS_EST
EA.7T8.AG25T99.RUR.M,SDN,2011,.7962139541986595,,UIS_EST
EA.6T8.AG25T99.URB.F,SDN,2011,16.2727057727997,,UIS_EST
EA.4T8.AG25T99.LPIA,SDN,2011,.2559212730951034,,UIS_EST
ROFST.1T2.CP,SDN,2011,41.35602951049805,,
EA.5T8.AG25T99.URB.GPIA,SDN,2011,.8565095654947631,,UIS_EST
EA.2T8.AG25T99.URB,SDN,2011,45.32607559437096,,UIS_EST
OAEPG.1.GPIA,SDN,2011,.9369400143623352,,
EA.1T8.AG25T99.F,SDN,2011,37.91486319657368,,UIS_EST
EA.6T8.AG25T99.URB.GPIA,SDN,2011,.8556400182495112,,UIS_EST
EA.S1T8.AG25T99.LPIA,SDN,2011,.6143931251630654,,UIS_EST
EA.3T8.AG25T99.M,SDN,2011,26.69863487488098,,UIS_EST
EA.3T8.AG25T99,SDN,2011,23.04418526357078,,UIS_EST
NER.01.CP,SDN,2011,0,NA,
ROFST.2T3.M.CP,SDN,2011,53.31694030761719,,
EA.5T8.AG25T99.URB.F,SDN,2011,16.96389142913458,,UIS_EST
ROFST.1T3.F.CP,SDN,2011,48.11486053466797,,
GER.5T8.M,SDN,2011,14.22227001190186,,
EA.6T8.AG25T99.URB,SDN,2011,17.66624960458943,,UIS_EST
EA.4T8.AG25T99.RUR.GPIA,SDN,2011,.5642445974232576,,UIS_EST
EA.4T8.AG25T99.F.LPIA,SDN,2011,.2028278592686862,,UIS_EST
EA.1T8.AG25T99.RUR,SDN,2011,32.25396745674578,,UIS_EST
EA.7T8.AG25T99.RUR,SDN,2011,.5290965176136273,,UIS_EST
EA.3T8.AG25T99.F.LPIA,SDN,2011,.2757507749432813,,UIS_EST
OAEPG.2.GPV.F,SDN,2011,27.10918998718262,,
EA.2T8.AG25T99.GPIA,SDN,2011,.6863570942685974,,UIS_EST
ROFST.2T3.F.CP,SDN,2011,57.12141036987305,,
EA.5T8.AG25T99.RUR.F,SDN,2011,3.467346865013311,,UIS_EST
EA.4T8.AG25T99.URB,SDN,2011,19.03483797970722,,UIS_EST
YEARS.FC.COMP.02,SDN,2011,0,NIL,
EA.7T8.AG25T99.F,SDN,2011,.4881881434900793,,UIS_EST
EA.5T8.AG25T99.GPIA,SDN,2011,.7840120329037061,,UIS_EST
EA.3T8.AG25T99.URB.GPIA,SDN,2011,.7868331041235868,,UIS_EST
EA.2T8.AG25T99.LPIA,SDN,2011,.3696018692632472,,UIS_EST
OAEPG.1,SDN,2011,21.27014923095703,,
EA.8.AG25T99.LPIA,SDN,2011,.6151556611919091,,UIS_EST
EA.6T8.AG25T99.RUR.M,SDN,2011,5.591781882401118,,UIS_EST
PRYA.12MO.AG55T64,SDN,2011,.5960477954093339,,UIS_EST
EA.6T8.AG25T99.RUR,SDN,2011,4.518615251106398,,UIS_EST
OAEPG.2.GPV,SDN,2011,28.59925079345703,,
GER.5T8.GPIA,SDN,2011,1.049489974975586,,
YEARS.FC.COMP.1T3,SDN,2011,8,,
EA.7T8.AG25T99.RUR.GPIA,SDN,2011,.3027076691619819,,UIS_EST
EA.8.AG25T99.M,SDN,2011,.9459317998531114,,UIS_EST
EA.4T8.AG25T99.URB.GPIA,SDN,2011,.8172901986330235,,UIS_EST
CR.1.GPIA,SDN,2011,.9761700034141541,,
ROFST.2.F.CP,SDN,2011,56.30072021484375,,
EA.7T8.AG25T99.RUR.F,SDN,2011,.2410200702297212,,UIS_EST
EA.2T8.AG25T99.RUR.M,SDN,2011,21.37829849212586,,UIS_EST
PRYA.12MO.AG25T54,SDN,2011,3.18369199591568,,UIS_EST
EA.3T8.AG25T99.LPIA,SDN,2011,.3354868802438737,,UIS_EST
EA.2T8.AG25T99.F.LPIA,SDN,2011,.2998837624101029,,UIS_EST
EA.1T8.AG25T99.RUR.GPIA,SDN,2011,.6467563847835052,,UIS_EST
ROFST.2.M.CP,SDN,2011,50.19791030883789,,
EA.2T8.AG25T99.F,SDN,2011,22.57446435429677,,UIS_EST
ROFST.1T2.M.CP,SDN,2011,37.86441040039063,,
YEARS.FC.FREE.1T3,SDN,2011,8,,
PRYA.12MO.AG15T24.GPIA,SDN,2011,.8125600289464689,,UIS_EST
EA.7T8.AG25T99.M,SDN,2011,1.248535511593221,,UIS_EST
EA.2T8.AG25T99.RUR.F,SDN,2011,11.73351564334029,,UIS_EST
PRYA.12MO.AG25T54.M,SDN,2011,4.04058941892744,,UIS_EST
ROFST.1.GPIA.CP,SDN,2011,1.177109956741333,,
EA.7T8.AG25T99.URB.M,SDN,2011,1.973441978305129,,UIS_EST
ROFST.1.CP,SDN,2011,37.77077102661133,,
EA.6T8.AG25T99.F.LPIA,SDN,2011,.2065571693348483,,UIS_EST
EA.S1T8.AG25T99.URB.M,SDN,2011,82.40091976613343,,UIS_EST
ROFST.3.CP,SDN,2011,56.58639144897461,,
EA.6T8.AG25T99.URB.M,SDN,2011,19.01816818489953,,UIS_EST
EA.8.AG25T99.RUR.M,SDN,2011,.7962139541986595,,UIS_EST
EA.4T8.AG25T99.F,SDN,2011,8.87122708850533,,UIS_EST
EA.7T8.AG25T99.M.LPIA,SDN,2011,.4034645877364381,,UIS_EST
EA.6T8.AG25T99.F,SDN,2011,8.463826832795338,,UIS_EST
EA.4T8.AG25T99,SDN,2011,10.38865670494578,,UIS_EST
EA.1T8.AG25T99.RUR.F,SDN,2011,25.12028466820268,,UIS_EST
EA.7T8.AG25T99.GPIA,SDN,2011,.3910086168611385,,UIS_EST
EA.8.AG25T99.M.LPIA,SDN,2011,.6714096199877037,,UIS_EST
ROFST.2.CP,SDN,2011,53.21657943725586,,
EA.3T8.AG25T99.RUR.F,SDN,2011,9.399554935431906,,UIS_EST
EA.5T8.AG25T99.URB.M,SDN,2011,19.80584001923596,,UIS_EST
EA.1T8.AG25T99.URB.M,SDN,2011,70.24487663697175,,UIS_EST
EA.S1T8.AG25T99.URB.GPIA,SDN,2011,.8262728983068368,,UIS_EST
EA.S1T8.AG25T99.RUR.F,SDN,2011,36.03340338565613,,UIS_EST
ROFST.1.F.CP,SDN,2012,39.93648147583008,,
AIR.1.GLAST.M,SDN,2012,64.44683837890625,,
ODAFLOW.VOLUMESCHOLARSHIP,SDN,2012,2650543,,
AIR.1.GLAST.GPIA,SDN,2012,.8661900162696838,,
CR.1.GPIA,SDN,2012,.984660267829895,,
NER.01.M.CP,SDN,2012,0,NA,
CR.1,SDN,2012,67.93000030517578,,
CR.1.M,SDN,2012,68.44952392578125,,
YEARS.FC.COMP.02,SDN,2012,0,NIL,
ROFST.1.CP,SDN,2012,41.32160949707031,,
OAEPG.1.GPIA,SDN,2012,.4530400037765503,,
GER.5T8.F,SDN,2012,16.17662048339844,,
YEARS.FC.COMP.1T3,SDN,2012,8,,
AIR.1.GLAST,SDN,2012,60.18421173095703,,
GER.5T8,SDN,2012,15.25778961181641,,
TRTP.3.M,SDN,2012,64.80706787109375,,
GER.5T8.M,SDN,2012,14.35715007781982,,
AIR.1.GLAST.F,SDN,2012,55.82331848144531,,
YEARS.FC.FREE.1T3,SDN,2012,8,,
PTRHC.3.TRAINED,SDN,2012,22.75638961791992,,
ROFST.1.GPIA.CP,SDN,2012,.9358599781990051,,
OAEPG.1.F,SDN,2012,20.45553970336914,,
GER.5T8.GPIA,SDN,2012,1.112470030784607,,
YEARS.FC.FREE.02,SDN,2012,0,NIL,
NER.01.F.CP,SDN,2012,0,NA,
ROFST.1.M.CP,SDN,2012,42.67372131347656,,
TRTP.3.GPIA,SDN,2012,1.026440024375916,,
NER.01.GPIA.CP,SDN,2012,0,NA,
OAEPG.1,SDN,2012,33.67956161499023,,
TRTP.3.F,SDN,2012,66.56732177734375,,
OAEPG.1.M,SDN,2012,45.152099609375,,
CR.1.F,SDN,2012,67.39952850341797,,
TRTP.3,SDN,2012,65.70182037353516,,
NER.01.CP,SDN,2012,0,NA,
NER.01.M.CP,SDN,2013,0,NA,
TRTP.3.M,SDN,2013,66.56777191162109,,
CR.1.F,SDN,2013,68.32627105712891,,
NER.01.GPIA.CP,SDN,2013,0,NA,
ROFST.1.GPIA.CP,SDN,2013,.9215700030326843,,UIS_EST
NER.01.F.CP,SDN,2013,0,NA,
YEARS.FC.COMP.1T3,SDN,2013,8,,
TRTP.3.F,SDN,2013,68.40648651123047,,
AIR.2.GPV.GLAST.M,SDN,2013,56.43598175048828,,
CR.1.M,SDN,2013,69.02626800537109,,
YEARS.FC.FREE.1T3,SDN,2013,8,,
ROFST.1.M.CP,SDN,2013,42.05805969238281,,UIS_EST
ODAFLOW.VOLUMESCHOLARSHIP,SDN,2013,2562626,,
AIR.1.GLAST.M,SDN,2013,63.57345962524414,,
AIR.1.GLAST.GPIA,SDN,2013,.9093700051307678,,
N.ATTACKS,SDN,2013,50,,
CR.1,SDN,2013,68.68000030517578,,
AIR.1.GLAST,SDN,2013,60.72468185424805,,
PTRHC.3.TRAINED,SDN,2013,24.62256050109863,,
AIR.1.GLAST.F,SDN,2013,57.81156158447266,,
AIR.2.GPV.GLAST.F,SDN,2013,50.29642868041992,,
AIR.2.GPV.GLAST,SDN,2013,53.40048980712891,,
AIR.2.GPV.GLAST.GPIA,SDN,2013,.8912100195884705,,
GER.5T8.F,SDN,2013,18.48039054870605,,
GER.5T8,SDN,2013,17.54136085510254,,
YEARS.FC.FREE.02,SDN,2013,0,NIL,
TRTP.3,SDN,2013,67.53707885742188,,
ROFST.1.F.CP,SDN,2013,38.75957870483398,,UIS_EST
ROFST.1.CP,SDN,2013,40.42882919311523,,UIS_EST
YEARS.FC.COMP.02,SDN,2013,0,NIL,
TRTP.3.GPIA,SDN,2013,1.026880025863647,,
CR.1.GPIA,SDN,2013,.9898589849472046,,
GER.5T8.GPIA,SDN,2013,1.1007000207901,,
GER.5T8.M,SDN,2013,16.6194896697998,,
NER.01.CP,SDN,2013,0,NA,
ROFST.H.1.WPIA,SDN,2014,1.969820022583008,,
ROFST.H.2.Q5.F.LPIA,SDN,2014,.6909599900245667,,
CR.1.Q5.M,SDN,2014,92.48558044433594,,
ROFST.H.3.RUR.Q2.M,SDN,2014,41.14979934692383,,
CR.3.URB.Q4.M,SDN,2014,32.61257934570313,,
ROFST.H.1.URB.Q3.GPIA,SDN,2014,.9656800031661987,,
ROFST.H.3.RUR.Q2.F,SDN,2014,49.76699829101563,,
OAEPG.H.1.URB.M,SDN,2014,27.9599994421005,,
ROFST.H.3.WPIA,SDN,2014,1.816679954528809,,
ROFST.H.2.Q1.M,SDN,2014,30.44400024414063,,
ROFST.H.3.RUR.M.WPIA,SDN,2014,1.809340000152588,,
CR.3.M,SDN,2014,33.55691146850586,,
NARA.AGM1.URB.Q4.M,SDN,2014,83.31065368652344,,
ROFST.H.1.RUR.Q2.M,SDN,2014,32.79484939575195,,
CR.3.Q3.M,SDN,2014,19.18703079223633,,
CR.3.URB.Q1.GPIA,SDN,2014,0,NA,
LR.AG15T24.RUR.F,SDN,2014,100,,
CR.1.M,SDN,2014,66.45131683349609,,
ROFST.H.1.RUR.GPIA,SDN,2014,1.073140025138855,,
NARA.AGM1.URB.Q5.F,SDN,2014,98.159912109375,,
AIR.2.GPV.GLAST.M,SDN,2014,55.38774108886719,,
CR.3.RUR.Q1,SDN,2014,11.70456981658936,,
CR.3.F.WPIA,SDN,2014,.1156100034713745,,
ROFST.H.3.URB.Q4,SDN,2014,15.39513969421387,,
ROFST.H.3.Q3,SDN,2014,39.79613876342773,,
ROFST.H.1.URB.Q1.F,SDN,2014,25.60634994506836,,
ROFST.H.2.Q5.F,SDN,2014,.510919988155365,,
CR.1.URB.F.WPIA,SDN,2014,.4012700021266937,,
ROFST.H.1.URB.Q4.F,SDN,2014,2.489530086517334,,
CR.3.RUR.GPIA,SDN,2014,.7317699790000916,,
ROFST.H.2.Q3.M,SDN,2014,22.73945045471191,,
ROFST.H.1.URB.Q1.GPIA,SDN,2014,.8001899719238281,,
ROFST.H.2.F.LPIA,SDN,2014,1.816519975662231,,
QUTP.3,SDN,2014,100,,
CR.1.Q1.M,SDN,2014,44.54557037353516,,
NARA.AGM1.GPIA,SDN,2014,.9999899864196777,,
CR.1.Q4.LPIA,SDN,2014,.9851400256156921,,
ROFST.H.2.RUR.M.WPIA,SDN,2014,1.863399982452393,,
ROFST.H.3.Q4.M.LPIA,SDN,2014,1.276260018348694,,
CR.3.URB.Q5.M,SDN,2014,68.9447021484375,,
ROFST.H.1.URB.M.WPIA,SDN,2014,1.970000028610229,,
CR.3.URB.Q3.GPIA,SDN,2014,1.011430025100708,,
LR.AG15T24.Q1.F,SDN,2014,100,,
NER.01.CP,SDN,2014,0,NA,
ROFST.H.1.Q5.M,SDN,2014,1.052000045776367,,
CR.1.Q2.LPIA,SDN,2014,.8347399830818176,,
ROFST.H.3.RUR.F,SDN,2014,44.53667831420898,,
CR.3.RUR.Q2.GPIA,SDN,2014,.3957900106906891,,
ROFST.H.1.URB.F.WPIA,SDN,2014,1.952039957046509,,
CR.2.Q2.GPIA,SDN,2014,.9182699918746948,,
CR.3.Q5.LPIA,SDN,2014,.858489990234375,,
CR.3.RUR.Q4.F,SDN,2014,30.31409072875977,,
ROFST.H.2.Q4.F.LPIA,SDN,2014,1.731089949607849,,
CR.2.Q4.GPIA,SDN,2014,1.067829966545105,,
GER.5T8,SDN,2014,17.0886402130127,,
N.ATTACKS,SDN,2014,23,,
ROFST.H.2.Q4.LPIA,SDN,2014,1.635179996490479,,
CR.3,SDN,2014,30.67521095275879,,
CR.3.WPIA,SDN,2014,.1624899953603745,,
CR.2.URB.Q4.F,SDN,2014,74.57253265380859,,
CR.3.Q5.M,SDN,2014,66.72324371337891,,
ROFST.H.1.Q2.LPIA,SDN,2014,1.387400031089783,,
CR.1.URB.M,SDN,2014,81.44464874267578,,
ROFST.H.1.RUR,SDN,2014,26.54744911193848,,
ROFST.H.1.URB.Q4.M,SDN,2014,3.981770038604736,,
CR.1.RUR.Q4,SDN,2014,83.20355224609375,,
NARA.AGM1.URB.Q3.M,SDN,2014,79.58170318603516,,
OAEPG.H.1.M,SDN,2014,39.0100002288818,,
CR.1.Q4,SDN,2014,83.80956268310547,,
ROFST.H.3.URB.Q1.M,SDN,2014,41.47711944580078,,
CR.2.Q1.GPIA,SDN,2014,.7751799821853638,,
YEARS.FC.COMP.02,SDN,2014,0,NIL,
NARA.AGM1.RUR.Q3.F,SDN,2014,52.05883026123047,,
ROFST.H.1.RUR.Q1,SDN,2014,41.2075309753418,,
CR.2.Q1.LPIA,SDN,2014,1.118409991264343,,
ROFST.H.1,SDN,2014,20.83175086975098,,
CR.3.RUR.M.WPIA,SDN,2014,.2471500039100647,,
NARA.AGM1.Q4.F.LPIA,SDN,2014,.8402299880981445,,
CR.3.Q5.F.LPIA,SDN,2014,.8215900063514709,,
ROFST.H.2.Q4.M,SDN,2014,10.32264041900635,,
ROFST.H.2.Q4.M.LPIA,SDN,2014,1.548930048942566,,
CR.1.RUR.F.WPIA,SDN,2014,.4259600043296814,,
CR.1.URB.Q4.GPIA,SDN,2014,1.038720011711121,,
CR.1.Q3.F,SDN,2014,54.99480056762695,,
CR.3.Q4.F,SDN,2014,32.36993026733398,,
CR.1.URB.Q2,SDN,2014,58.99697113037109,,
CR.1.WPIA,SDN,2014,.4525499939918518,,
ROFST.H.1.Q4.LPIA,SDN,2014,1.417029976844788,,
CR.2.M.LPIA,SDN,2014,.6789500117301941,,
ROFST.H.3.RUR.M,SDN,2014,34.51882934570313,,
NARA.AGM1.URB.Q4.F,SDN,2014,92.0435791015625,,
ROFST.H.1.RUR.Q2,SDN,2014,34.28012084960938,,
NARA.AGM1.LPIA,SDN,2014,.5468699932098389,,
ROFST.H.2.Q5.GPIA,SDN,2014,.1119299978017807,,
CR.1.Q2.M,SDN,2014,53.21261978149414,,
CR.3.Q4.M,SDN,2014,34.30167007446289,,
CR.2.RUR.Q3.GPIA,SDN,2014,.7238799929618835,,
CR.1.RUR.Q3,SDN,2014,54.17657089233398,,
ROFST.H.3.URB.F,SDN,2014,16.35054016113281,,
ROFST.H.3.RUR.Q2,SDN,2014,45.4258918762207,,
ROFST.H.1.URB.Q1,SDN,2014,29.11447906494141,,
ROFST.H.3.Q3.LPIA,SDN,2014,1.496269941329956,,
CR.3.RUR.Q3.M,SDN,2014,17.55315971374512,,
CR.1.Q1.M.LPIA,SDN,2014,1.207460045814514,,
ROFST.H.1.URB.Q4,SDN,2014,3.246190071105957,,
CR.2.URB.F.WPIA,SDN,2014,0,NA,
CR.2.RUR.Q2,SDN,2014,31.93584060668945,,
ROFST.H.2.Q1.GPIA,SDN,2014,1.186740040779114,,
ROFST.H.1.URB.Q3.F,SDN,2014,8.063980102539063,,
OAEPG.H.1.URB,SDN,2014,27.020001411438,,
NARA.AGM1.Q3.GPIA,SDN,2014,.9076099991798401,,
CR.3.Q5,SDN,2014,69.52107238769531,,
CR.2.Q1.M.LPIA,SDN,2014,1.371109962463379,,
ROFST.H.2.Q2,SDN,2014,33.07455062866211,,
CR.1.M.LPIA,SDN,2014,.7318999767303467,,
CR.3.URB.Q1,SDN,2014,2.961460113525391,,
CR.1.RUR.Q2.F,SDN,2014,46.75389862060547,,
ROFST.H.2.URB.F.WPIA,SDN,2014,1.972730040550232,,
CR.3.Q3.M.LPIA,SDN,2014,.7877299785614014,,
ROFST.H.2.URB.Q4,SDN,2014,4.624800205230713,,
ROFST.H.2.URB.M.WPIA,SDN,2014,0,NA,
ROFST.H.1.F.LPIA,SDN,2014,1.789219975471497,,
CR.2.URB.Q5.F,SDN,2014,92.21955871582031,,
ROFST.H.3.URB.Q5.M,SDN,2014,8.371569633483887,,
CR.3.URB.GPIA,SDN,2014,1.018059968948364,,
CR.2.Q2.M.LPIA,SDN,2014,.9548599720001221,,
ROFST.H.3.Q4.LPIA,SDN,2014,1.449319958686829,,
ROFST.H.3.Q5,SDN,2014,8.455820083618164,,
ROFST.H.3.Q2,SDN,2014,42.54481887817383,,
NARA.AGM1.RUR.Q1,SDN,2014,22.84408950805664,,
CR.2.URB.Q5.GPIA,SDN,2014,1.078029990196228,,
CR.2.RUR.Q5,SDN,2014,90.6380615234375,,
NARA.AGM1.RUR.M,SDN,2014,43.2852897644043,,
ROFST.H.1.Q1.F,SDN,2014,42.80236053466797,,
ROFST.H.1.M.WPIA,SDN,2014,1.972890019416809,,
ROFST.H.2.Q2.M.LPIA,SDN,2014,1.360260009765625,,
CR.3.RUR.Q4.GPIA,SDN,2014,.8417500257492065,,
ROFST.H.3.Q3.F,SDN,2014,45.48413848876953,,
ROFST.H.3.URB.Q1.GPIA,SDN,2014,.6937199831008911,,
OAEPG.H.1.URB.Q5.M,SDN,2014,12.5,,
ROFST.H.2.Q3.GPIA,SDN,2014,1.077530026435852,,
CR.3.URB.Q2.M,SDN,2014,21.51375961303711,,
ROFST.H.1.RUR.Q2.F,SDN,2014,35.75688934326172,,
CR.1.URB.Q2.M,SDN,2014,62.86664962768555,,
NARA.AGM1.Q3,SDN,2014,58.29975891113281,,
CR.1.LPIA,SDN,2014,.7130699753761292,,
NARA.AGM1.Q4.M,SDN,2014,74.68153381347656,,
ROFST.H.3.URB.M.WPIA,SDN,2014,1.798159956932068,,
ROFST.H.2.RUR.M,SDN,2014,24.33271026611328,,
ROFST.H.1.Q4.M,SDN,2014,4.998270034790039,,
CR.2.RUR.Q1.F,SDN,2014,22.50425910949707,,
ROFST.H.2.URB.Q2.GPIA,SDN,2014,.7621399760246277,,
ROFST.H.2.URB.Q1.F,SDN,2014,21.16404914855957,,
ROFST.H.1.URB.Q4.GPIA,SDN,2014,.6252300143241882,,
ROFST.H.1.RUR.Q5.M,SDN,2014,1.223199963569641,,
AIR.2.GPV.GLAST.GPIA,SDN,2014,.8999000191688538,,
NARA.AGM1.Q5,SDN,2014,94.78089141845703,,
CR.3.URB.F.WPIA,SDN,2014,0,NA,
ROFST.H.3.RUR.Q1.GPIA,SDN,2014,1.238090038299561,,
ROFST.H.2.Q2.F,SDN,2014,39.26657104492188,,
CR.1.URB.Q3,SDN,2014,68.49297332763672,,
ROFST.H.3.Q5.LPIA,SDN,2014,.9141299724578857,,
ROFST.H.1.RUR.F,SDN,2014,27.56580924987793,,
OAEPG.H.1.F,SDN,2014,34.7499996423721,,
CR.2.RUR.Q4.M,SDN,2014,56.9480094909668,,
CR.1.URB.Q1.F,SDN,2014,38.56608963012695,,
CR.3.Q2,SDN,2014,11.16691017150879,,
ROFST.H.1.Q1.LPIA,SDN,2014,1.293470025062561,,
CR.2.RUR.Q1,SDN,2014,26.53350067138672,,
CR.1.M.WPIA,SDN,2014,.4816499948501587,,
ROFST.H.3.Q1.F,SDN,2014,51.53158187866211,,
NARA.AGM1.URB.WPIA,SDN,2014,.4685199856758118,,
ROFST.H.1.Q2.F,SDN,2014,34.14783096313477,,
NARA.AGM1,SDN,2014,54.12705993652344,,
CR.2.RUR.F,SDN,2014,40.54616928100586,,
ROFST.H.1.GPIA,SDN,2014,1.056390047073364,,
ROFST.H.3.URB.Q3.F,SDN,2014,25.44927978515625,,
CR.3.GPIA,SDN,2014,.8342499732971191,,
CR.3.Q2.GPIA,SDN,2014,.3893400132656097,,
CR.1.Q1.F,SDN,2014,40.90253067016602,,
NARA.AGM1.URB.Q1,SDN,2014,45.69002914428711,,
ROFST.H.3.M.LPIA,SDN,2014,1.541689991950989,,
ROFST.H.2.URB.Q1.GPIA,SDN,2014,0,NA,
NARA.AGM1.URB.Q1.M,SDN,2014,0,NA,
CR.1.URB.M.WPIA,SDN,2014,.3745599985122681,,
CR.3.Q5.GPIA,SDN,2014,1.08598005771637,,
CR.2.GPIA,SDN,2014,1.024279952049255,,
CR.3.Q1.F.LPIA,SDN,2014,0,NA,
CR.3.RUR.Q2.F,SDN,2014,6.483560085296631,,
CR.3.URB.M,SDN,2014,46.99782180786133,,
CR.1,SDN,2014,65.42643737792969,,
ROFST.H.2.M.LPIA,SDN,2014,1.633520007133484,,
CR.2.RUR.Q2.GPIA,SDN,2014,.8527699708938599,,
CR.1.RUR.Q2.M,SDN,2014,51.69184875488281,,
CR.2.RUR.Q4,SDN,2014,55.3661003112793,,
ROFST.H.2.RUR.Q1,SDN,2014,34.7994499206543,,
CR.2.Q3.M.LPIA,SDN,2014,1.029360055923462,,
ROFST.H.3.Q4.M,SDN,2014,20.31022071838379,,
CR.2.RUR.Q5.M,SDN,2014,83.91504669189453,,
CR.3.Q2.M.LPIA,SDN,2014,.761430025100708,,
ROFST.H.2.F.WPIA,SDN,2014,1.986350059509277,,
ROFST.H.3.URB.Q4.M,SDN,2014,16.86801910400391,,
ROFST.H.2.URB.M,SDN,2014,8.91746997833252,,
ROFST.H.1.RUR.Q3.GPIA,SDN,2014,1.10113000869751,,
CR.3.RUR.Q1.GPIA,SDN,2014,.5685200095176697,,
CR.1.Q5.LPIA,SDN,2014,.9676799774169922,,
NARA.AGM1.Q5.F.LPIA,SDN,2014,.9348400235176086,,
CR.1.URB.GPIA,SDN,2014,.9994300007820129,,
CR.1.RUR,SDN,2014,58.05858993530273,,
NARA.AGM1.RUR.Q5,SDN,2014,90.50198364257813,,
CR.1.URB.Q1,SDN,2014,37.48857116699219,,
CR.3.Q3.F.LPIA,SDN,2014,.7608000040054321,,
ROFST.H.1.Q5,SDN,2014,1.229130029678345,,
ROFST.H.1.Q1,SDN,2014,40.73207092285156,,
CR.2.Q3,SDN,2014,40.83818054199219,,
OAEPG.H.1.URB.F,SDN,2014,26.0899990797043,,
ROFST.H.3.RUR.Q4,SDN,2014,27.95661926269531,,
ROFST.H.2.RUR.F,SDN,2014,31.10444068908691,,
ROFST.H.1.RUR.F.WPIA,SDN,2014,1.96110999584198,,
ROFST.H.2.URB.F,SDN,2014,5.707180023193359,,
ROFST.H.2.RUR.Q2.GPIA,SDN,2014,1.356729984283447,,
ROFST.H.2.URB.Q1.M,SDN,2014,0,NA,
QUTP.3.M,SDN,2014,100,,
LR.AG15T24.URB.F,SDN,2014,100,,
ROFST.H.3.Q2.LPIA,SDN,2014,1.475289940834045,,
CR.3.URB.Q2,SDN,2014,14.62477016448975,,
CR.1.Q2.M.LPIA,SDN,2014,.8222500085830688,,
CR.3.RUR.WPIA,SDN,2014,.1878200024366379,,
CR.3.RUR.Q5.GPIA,SDN,2014,1.03167998790741,,
ROFST.H.2.RUR.Q2.F,SDN,2014,43.31692123413086,,
ROFST.H.2.Q4.GPIA,SDN,2014,.8256999850273132,,
CR.3.M.WPIA,SDN,2014,.2148600071668625,,
ROFST.H.3.Q2.F.LPIA,SDN,2014,1.471869945526123,,
ROFST.H.2.RUR.Q3.GPIA,SDN,2014,1.183809995651245,,
CR.3.RUR.Q2,SDN,2014,10.77270030975342,,
CR.1.Q2.GPIA,SDN,2014,.8972499966621399,,
NARA.AGM1.M.LPIA,SDN,2014,.5213599801063538,,
ROFST.H.3.URB.Q4.F,SDN,2014,14.18737030029297,,
NARA.AGM1.RUR,SDN,2014,44.60897827148438,,
CR.1.Q4.F.LPIA,SDN,2014,.9783999919891357,,
ROFST.H.1.Q1.GPIA,SDN,2014,1.093500018119812,,
CR.3.LPIA,SDN,2014,.4535999894142151,,
CR.1.URB.Q4.F,SDN,2014,85.95877075195313,,
NARA.AGM1.RUR.WPIA,SDN,2014,.2524200081825256,,
ROFST.H.2.RUR.Q1.F,SDN,2014,38.26029968261719,,
NARA.AGM1.F,SDN,2014,54.12667846679688,,
ROFST.H.1.M,SDN,2014,20.23228073120117,,
CR.2.URB.Q2,SDN,2014,42.76002883911133,,
ADMI.ENDOFLOWERSEC.READ,SDN,2014,0,,
CR.1.Q3,SDN,2014,59.01113891601563,,
CR.3.URB.Q1.M,SDN,2014,3.946010112762451,,
NARA.AGM1.Q4.LPIA,SDN,2014,.8407899737358093,,
CR.2.RUR.Q3.F,SDN,2014,30.79467964172363,,
ROFST.H.3.Q1.M,SDN,2014,40.56039047241211,,
ROFST.H.1.F.WPIA,SDN,2014,1.967389941215515,,
ROFST.H.1.Q5.F.LPIA,SDN,2014,1.273370027542114,,
CR.1.F.LPIA,SDN,2014,.6947900056838989,,
QUTP.3.GPIA,SDN,2014,1,,
CR.3.URB.Q4,SDN,2014,33.87010955810547,,
ROFST.H.3.Q1.GPIA,SDN,2014,1.212900042533875,,
CR.3.RUR.M,SDN,2014,25.14835929870605,,
NARA.AGM1.RUR.Q2.F,SDN,2014,35.81821823120117,,
ROFST.H.3.RUR.GPIA,SDN,2014,1.224930047988892,,
OAEPG.H.1.RUR.F,SDN,2014,39.3599987030029,,
OAEPG.H.1.Q1.M,SDN,2014,56.15000128746031,,
OAEPG.H.1.URB.Q1.M,SDN,2014,57.26000070571901,,
CR.3.URB.Q4.F,SDN,2014,35.14107894897461,,
CR.2.URB.GPIA,SDN,2014,1.138069987297058,,
PTRHC.3.TRAINED,SDN,2014,22.33712959289551,,
CR.2.RUR.Q1.M,SDN,2014,29.99267959594727,,
CR.3.Q2.M,SDN,2014,16.97366905212402,,
NARA.AGM1.Q1.LPIA,SDN,2014,.4999800026416779,,
CR.1.URB.F,SDN,2014,81.39842987060547,,
ROFST.H.1.URB.Q2.F,SDN,2014,22.02034950256348,,
NARA.AGM1.Q2.F,SDN,2014,36.15475845336914,,
ROFST.H.2.URB.Q3.F,SDN,2014,10.07347011566162,,
ROFST.H.3.URB.Q2.M,SDN,2014,21.66827011108398,,
OAEPG.H.1.URB.Q1.F,SDN,2014,59.8200023174286,,
ROFST.H.1.URB.Q5.M,SDN,2014,.9600899815559387,,
ROFST.H.3.RUR.Q3,SDN,2014,47.81534957885742,,
CR.1.RUR.F,SDN,2014,56.55475997924805,,
NARA.AGM1.RUR.GPIA,SDN,2014,1.056769967079163,,
ROFST.H.2.Q3.F,SDN,2014,24.65053939819336,,
QUTP.02,SDN,2014,96.00675964355469,,
GER.5T8.M,SDN,2014,16.60310935974121,,
CR.2.RUR.GPIA,SDN,2014,.9264500141143799,,
NARA.AGM1.Q1.M,SDN,2014,25.14649963378906,,
NARA.AGM1.Q5.M,SDN,2014,94.06916046142578,,
CR.1.RUR.M.WPIA,SDN,2014,.5094900131225586,,
ROFST.H.3.URB.WPIA,SDN,2014,1.737939953804016,,
ROFST.H.2.URB.Q5.F,SDN,2014,.5772200226783752,,
ROFST.H.1.RUR.Q3.F,SDN,2014,19.97274017333984,,
ROFST.H.3.F.WPIA,SDN,2014,1.829579949378967,,
CR.3.Q1.F,SDN,2014,8.439290046691895,,
CR.3.URB.Q5.GPIA,SDN,2014,1.106809973716736,,
CR.3.URB.Q1.F,SDN,2014,0,NA,
CR.1.RUR.Q2,SDN,2014,49.2470817565918,,
CR.3.RUR.Q3.F,SDN,2014,17.14907073974609,,
ROFST.H.3.Q2.M.LPIA,SDN,2014,1.473430037498474,,
ROFST.H.3.Q1,SDN,2014,46.12623977661133,,
ROFST.H.1.RUR.Q2.GPIA,SDN,2014,1.082839965820313,,
ROFST.H.2.Q3.M.LPIA,SDN,2014,1.430529952049255,,
ROFST.H.3.M.WPIA,SDN,2014,1.799489974975586,,
ROFST.H.3.Q3.M.LPIA,SDN,2014,1.425709962844849,,
CR.3.URB.Q5,SDN,2014,72.59232330322266,,
OAEPG.H.1.URB.Q1,SDN,2014,58.6399972438812,,
ROFST.H.2.Q5,SDN,2014,2.489310026168823,,
ROFST.H.1.LPIA,SDN,2014,1.768440008163452,,
ROFST.H.3.URB.Q5.F,SDN,2014,9.154020309448242,,
CR.2.Q1,SDN,2014,26.38706970214844,,
ROFST.H.1.Q1.F.LPIA,SDN,2014,1.410789966583252,,
ROFST.H.1.RUR.WPIA,SDN,2014,1.964370012283325,,
ROFST.H.2.WPIA,SDN,2014,1.927099943161011,,
ROFST.H.3.F.LPIA,SDN,2014,1.632869958877563,,
ROFST.H.2.URB.Q5.M,SDN,2014,4.75370979309082,,
ROFST.1.M.CP,SDN,2014,42.98149108886719,,UIS_EST
ROFST.H.3.RUR.Q3.GPIA,SDN,2014,1.287520051002502,,
TRTP.3.GPIA,SDN,2014,1.04778003692627,,
NARA.AGM1.RUR.Q2.M,SDN,2014,30.63261032104492,,
ROFST.H.1.RUR.Q3.M,SDN,2014,17.95284080505371,,
CR.1.RUR.M,SDN,2014,59.60905075073242,,
CR.1.Q5,SDN,2014,94.35002899169922,,
CR.3.F.LPIA,SDN,2014,.3844900131225586,,
NARA.AGM1.Q5.GPIA,SDN,2014,1.015849947929382,,
CR.2.RUR.WPIA,SDN,2014,.2927399873733521,,
CR.1.URB.Q4.M,SDN,2014,82.63037109375,,
ROFST.H.1.RUR.Q4.M,SDN,2014,5.758359909057617,,
ROFST.H.3.Q5.M.LPIA,SDN,2014,.9228799939155579,,
CR.2.Q3.F.LPIA,SDN,2014,.5517100095748901,,
ROFST.H.3.Q3.M,SDN,2014,33.69636917114258,,
OAEPG.H.1.GPIA,SDN,2014,.8907971978187561,,
ROFST.H.1.RUR.Q1.GPIA,SDN,2014,1.100379943847656,,
ROFST.H.3.RUR.Q1.M,SDN,2014,40.5224609375,,
CR.2.Q4.F.LPIA,SDN,2014,.7193099856376648,,
ROFST.H.3,SDN,2014,32.17507934570313,,
CR.2.URB.Q1.GPIA,SDN,2014,0,NA,
ROFST.H.3.RUR.Q2.GPIA,SDN,2014,1.173149943351746,,
ROFST.H.3.RUR.WPIA,SDN,2014,1.829310059547424,,
YEARS.FC.COMP.1T3,SDN,2014,8,,
CR.2.URB.Q3.M,SDN,2014,41.29225158691406,,
CR.3.Q3.F,SDN,2014,19.1408805847168,,
ROFST.H.2.RUR.Q3,SDN,2014,29.25790977478027,,
CR.2.Q1.F.LPIA,SDN,2014,0,NA,
CR.2.RUR.Q4.F,SDN,2014,53.64067840576172,,
CR.3.URB.Q3,SDN,2014,22.42613983154297,,
ROFST.H.3.URB.Q2,SDN,2014,23.83563995361328,,
CR.2.URB.Q3,SDN,2014,48.59664916992188,,
ROFST.H.2.URB.Q2,SDN,2014,15.35334968566895,,
CR.2.URB.Q2.GPIA,SDN,2014,1.258239984512329,,
GER.5T8.F,SDN,2014,17.58288955688477,,
CR.1.RUR.Q1.M,SDN,2014,44.91474914550781,,
ROFST.H.1.Q4.F.LPIA,SDN,2014,1.537899971008301,,
ROFST.H.1.URB.Q5.GPIA,SDN,2014,1.218250036239624,,
CR.3.Q3.LPIA,SDN,2014,.773169994354248,,
ROFST.H.1.M.LPIA,SDN,2014,1.746299982070923,,
CR.2.Q5.F,SDN,2014,93.79012298583984,,
ADMI.GRADE2OR3PRIM.MAT,SDN,2014,0,,
CR.3.URB.F,SDN,2014,47.86238861083984,,
CR.1.URB.Q5.GPIA,SDN,2014,1.011170029640198,,
LR.AG15T24.F,SDN,2014,100,,
QUTP.02.GPIA,SDN,2014,2,,
ROFST.H.2.RUR.Q2,SDN,2014,35.41696166992188,,
CR.2.RUR.Q4.GPIA,SDN,2014,.9419199824333191,,
CR.1.GPIA,SDN,2014,.9696999788284302,,
ROFST.H.2.RUR,SDN,2014,27.74706077575684,,
ROFST.H.2.RUR.Q4.F,SDN,2014,12.08541011810303,,
CR.2.F.WPIA,SDN,2014,.2432200014591217,,
ROFST.H.1.RUR.Q4.GPIA,SDN,2014,.9355800151824951,,
CR.1.RUR.Q1.F,SDN,2014,41.07194900512695,,
NARA.AGM1.Q3.LPIA,SDN,2014,.7124500274658203,,
CR.3.URB.Q2.F,SDN,2014,7.842060089111328,,
ROFST.H.2.RUR.Q4,SDN,2014,12.67704010009766,,
ROFST.H.2.RUR.GPIA,SDN,2014,1.217710018157959,,
CR.2.WPIA,SDN,2014,.295659989118576,,
NARA.AGM1.Q5.LPIA,SDN,2014,.9280300140380859,,
CR.2.RUR.Q2.M,SDN,2014,34.46551895141602,,
CR.2.Q2.F.LPIA,SDN,2014,.6039900183677673,,
ROFST.H.2.URB.Q4.F,SDN,2014,3.24987006187439,,
ROFST.H.3.RUR.Q5.M,SDN,2014,7.725979804992676,,
CR.3.RUR.Q1.M,SDN,2014,15.17712020874023,,
OAEPG.H.1.RUR.Q1,SDN,2014,55.5000007152557,,
CR.2.RUR.M,SDN,2014,43.76517868041992,,
NARA.AGM1.URB.Q3,SDN,2014,72.74852752685547,,
AIR.1.GLAST.F,SDN,2014,58.04843902587891,,
NARA.AGM1.RUR.Q3.GPIA,SDN,2014,1.010540008544922,,
CR.3.RUR.F.WPIA,SDN,2014,.1360599994659424,,
ROFST.H.3.Q1.M.LPIA,SDN,2014,.9769799709320068,,
TRTP.3.F,SDN,2014,71.49405670166016,,
CR.1.RUR.Q5.F,SDN,2014,96.42109680175781,,
ROFST.H.3.LPIA,SDN,2014,1.593719959259033,,
ROFST.H.3.RUR.Q5.F,SDN,2014,8.24491024017334,,
ROFST.H.2.RUR.Q3.F,SDN,2014,32.32674026489258,,
CR.3.URB.WPIA,SDN,2014,.0408000014722347,,
ROFST.H.1.URB.GPIA,SDN,2014,.8963599801063538,,
ROFST.H.2.RUR.Q5.F,SDN,2014,.3988299965858459,,
CR.2.RUR.Q3,SDN,2014,36.58861923217773,,
CR.1.URB.Q5.F,SDN,2014,96.10978698730469,,
ROFST.H.2.URB.Q3.M,SDN,2014,15.02540016174316,,
ROFST.H.1.Q5.M.LPIA,SDN,2014,1.215100049972534,,
ROFST.H.1.Q3.F.LPIA,SDN,2014,1.596250057220459,,
ROFST.H.3.Q4.F,SDN,2014,23.27182006835938,,
OAEPG.H.1.Q5.F,SDN,2014,10.2399997413158,,
CR.1.Q1,SDN,2014,42.69807052612305,,
CR.1.RUR.Q2.GPIA,SDN,2014,.9044700264930725,,
ROFST.H.1.Q2.M.LPIA,SDN,2014,1.389569997787476,,
CR.3.URB.Q5.F,SDN,2014,77.18904876708984,,
NARA.AGM1.URB.GPIA,SDN,2014,.9626200199127197,,
CR.2.Q1.M,SDN,2014,29.42761993408203,,
ROFST.H.2.Q2.M,SDN,2014,26.88806915283203,,
CR.1.RUR.Q3.M,SDN,2014,60.82368087768555,,
ROFST.H.1.URB.F,SDN,2014,5.810259819030762,,
CR.2.URB.Q4.M,SDN,2014,61.35683059692383,,
ROFST.H.3.URB.Q3.GPIA,SDN,2014,1.108850002288818,,
ROFST.H.1.RUR.Q3,SDN,2014,18.91970062255859,,
CR.2.Q1.F,SDN,2014,22.81167030334473,,
ROFST.H.1.URB.Q5,SDN,2014,1.096680045127869,,
CR.3.RUR.Q5.M,SDN,2014,61.40834045410156,,
CR.1.RUR.GPIA,SDN,2014,.9487599730491638,,
CR.1.Q4.GPIA,SDN,2014,1.030640006065369,,
CR.1.Q3.M.LPIA,SDN,2014,.8930400013923645,,
CR.2.LPIA,SDN,2014,.6064800024032593,,
ROFST.H.2.URB,SDN,2014,7.254109859466553,,
CR.1.Q4.M,SDN,2014,82.42124938964844,,
CR.1.RUR.Q5,SDN,2014,92.46528625488281,,
CR.2.Q5.LPIA,SDN,2014,1.023949980735779,,
CR.3.RUR.Q3.GPIA,SDN,2014,.9769799709320068,,
NARA.AGM1.WPIA,SDN,2014,.2502999901771545,,
ROFST.H.1.URB.Q3,SDN,2014,8.208169937133789,,
CR.2.URB.Q1.M,SDN,2014,18.86203002929688,,
NARA.AGM1.URB.M.WPIA,SDN,2014,0,NA,
CR.2.Q2.M,SDN,2014,34.64883041381836,,
ROFST.H.1.URB.Q2.M,SDN,2014,20.01898002624512,,
NARA.AGM1.RUR.Q1.M,SDN,2014,24.25263977050781,,
ROFST.H.2.URB.WPIA,SDN,2014,1.859889984130859,,
CR.3.Q4.LPIA,SDN,2014,.9665700197219849,,
CR.1.URB.Q5,SDN,2014,95.55326080322266,,
NARA.AGM1.Q5.M.LPIA,SDN,2014,.9210100173950195,,
OAEPG.H.1.RUR.Q5.M,SDN,2014,18.0500000715256,,
CR.2.RUR.Q5.F,SDN,2014,96.24906921386719,,
ROFST.H.2.URB.Q3,SDN,2014,12.49691009521484,,
ROFST.H.2.Q3.LPIA,SDN,2014,1.572870016098022,,
CR.3.URB.Q4.GPIA,SDN,2014,1.07194995880127,,
CR.3.RUR,SDN,2014,21.50608062744141,,
ROFST.H.3.URB.GPIA,SDN,2014,1.032420039176941,,
ROFST.H.1.F,SDN,2014,21.4414005279541,,
OAEPG.H.1,SDN,2014,36.9599997997284,,
CR.3.URB,SDN,2014,47.41162872314453,,
ROFST.H.3.RUR,SDN,2014,39.60784149169922,,
ROFST.H.3.URB,SDN,2014,16.0916690826416,,
GER.5T8.GPIA,SDN,2014,1.055719971656799,,
ROFST.H.3.Q4,SDN,2014,21.88622093200684,,
YEARS.FC.FREE.1T3,SDN,2014,8,,
ROFST.H.2.URB.Q3.GPIA,SDN,2014,.6704300045967102,,
CR.1.RUR.Q4.GPIA,SDN,2014,1.022160053253174,,
ODAFLOW.VOLUMESCHOLARSHIP,SDN,2014,2266341,,
CR.3.F,SDN,2014,27.99472999572754,,
CR.1.Q1.F.LPIA,SDN,2014,1.061010003089905,,
CR.2.Q2.LPIA,SDN,2014,.7468600273132324,,
CR.2.RUR,SDN,2014,42.18132019042969,,
ROFST.H.3.URB.Q4.GPIA,SDN,2014,.8410800099372864,,
CR.2.Q4.M.LPIA,SDN,2014,.9281399846076965,,
ROFST.H.1.URB.Q3.M,SDN,2014,8.350560188293457,,
ROFST.H.3.Q2.M,SDN,2014,38.43186950683594,,
NARA.AGM1.URB.Q1.F,SDN,2014,0,NA,
NARA.AGM1.URB.Q5.M,SDN,2014,96.97469329833984,,
CR.3.RUR.Q1.F,SDN,2014,8.628560066223145,,
ROFST.H.1.Q4,SDN,2014,4.596859931945801,,
ROFST.H.3.RUR.Q5.GPIA,SDN,2014,1.062940001487732,,
CR.2,SDN,2014,51.18033981323242,,
CR.2.Q5.GPIA,SDN,2014,1.097350001335144,,
NARA.AGM1.URB,SDN,2014,81.57125091552734,,
CR.3.Q2.F.LPIA,SDN,2014,.826770007610321,,
ROFST.H.2.URB.Q1,SDN,2014,18.79776954650879,,
CR.2.Q3.M,SDN,2014,42.09693908691406,,
CR.3.RUR.Q4.M,SDN,2014,36.01308822631836,,
NARA.AGM1.RUR.Q4.F,SDN,2014,77.33738708496094,,
NARA.AGM1.RUR.Q3.M,SDN,2014,51.50986862182617,,
QUTP.3.F,SDN,2014,100,,
ROFST.1.F.CP,SDN,2014,38.02555847167969,,UIS_EST
NARA.AGM1.M,SDN,2014,54.1274299621582,,
CR.2.M,SDN,2014,50.56082916259766,,
ROFST.H.3.Q5.M,SDN,2014,8.132619857788086,,
ROFST.H.2.URB.GPIA,SDN,2014,.6399999856948853,,
ROFST.H.3.Q2.GPIA,SDN,2014,1.178460001945496,,
ROFST.H.3.RUR.Q4.M,SDN,2014,23.306640625,,
ROFST.H.2.Q3,SDN,2014,23.68074989318848,,
ROFST.H.2.RUR.Q1.GPIA,SDN,2014,1.190659999847412,,
ROFST.H.3.URB.Q1,SDN,2014,33.38325119018555,,
AIR.1.GLAST.GPIA,SDN,2014,.895829975605011,,
CR.1.Q5.GPIA,SDN,2014,1.038980007171631,,
CR.3.Q2.LPIA,SDN,2014,.7366099953651428,,
CR.2.Q2,SDN,2014,33.2263298034668,,
CR.2.Q4.LPIA,SDN,2014,.8137699961662292,,
ROFST.H.2.Q1.LPIA,SDN,2014,1.459830045700073,,
CR.3.Q1.M,SDN,2014,14.33600044250488,,
ROFST.H.3.RUR.Q1,SDN,2014,46.85285949707031,,
AIR.1.GLAST.M,SDN,2014,64.79850769042969,,
ROFST.H.3.URB.Q3,SDN,2014,24.0860595703125,,
CR.2.RUR.Q1.GPIA,SDN,2014,.7503200173377991,,
CR.2.URB.Q2.F,SDN,2014,48.66159057617188,,
CR.2.F.LPIA,SDN,2014,.5421599745750427,,
ROFST.1.CP,SDN,2014,40.53374099731445,,UIS_EST
ROFST.H.2.Q4,SDN,2014,9.394060134887695,,
CR.2.RUR.F.WPIA,SDN,2014,.2338099926710129,,
CR.2.URB.Q2.M,SDN,2014,36.09498977661133,,
NARA.AGM1.Q4.M.LPIA,SDN,2014,.82955002784729,,
CR.3.RUR.Q2.M,SDN,2014,16.38113975524902,,
NARA.AGM1.F.LPIA,SDN,2014,.574209988117218,,
NARA.AGM1.RUR.Q1.F,SDN,2014,21.44309043884277,,
NARA.AGM1.URB.Q5,SDN,2014,97.52027893066406,,
CR.3.Q4.F.LPIA,SDN,2014,.8626400232315063,,
ROFST.H.1.RUR.Q4.F,SDN,2014,5.387430191040039,,
ROFST.H.1.Q4.M.LPIA,SDN,2014,1.308519959449768,,
CR.3.Q3,SDN,2014,19.16217041015625,,
ROFST.H.2.URB.Q4.GPIA,SDN,2014,.5395900011062622,,
ROFST.H.3.RUR.Q4.F,SDN,2014,32.31892013549805,,
ROFST.H.1.Q2.GPIA,SDN,2014,1.085209965705872,,
ROFST.H.1.Q2.F.LPIA,SDN,2014,1.384160041809082,,
CR.2.URB.Q1,SDN,2014,23.39164924621582,,
CR.1.URB.Q2.GPIA,SDN,2014,.8694599866867065,,
ROFST.H.1.Q5.GPIA,SDN,2014,1.246389985084534,,
NARA.AGM1.URB.Q4,SDN,2014,87.07138061523438,,
NARA.AGM1.Q2.GPIA,SDN,2014,1.125110030174255,,
ROFST.H.3.URB.Q5,SDN,2014,8.748470306396484,,
CR.3.Q3.GPIA,SDN,2014,.9976000189781189,,
ROFST.H.3.Q3.GPIA,SDN,2014,1.259160041809082,,
NARA.AGM1.Q2.LPIA,SDN,2014,.8348600268363953,,
NARA.AGM1.RUR.Q4,SDN,2014,73.20893859863281,,
ROFST.H.2.RUR.Q5.M,SDN,2014,4.229829788208008,,
CR.1.Q2,SDN,2014,50.52254104614258,,
CR.1.Q4.M.LPIA,SDN,2014,.9952600002288818,,
ROFST.H.1.Q2,SDN,2014,32.69321823120117,,
NARA.AGM1.RUR.Q5.M,SDN,2014,89.31449890136719,,
ROFST.H.2.RUR.Q1.M,SDN,2014,30.96566009521484,,
CR.2.Q5.M.LPIA,SDN,2014,.9869599938392639,,
CR.2.URB,SDN,2014,69.55084991455078,,
OAEPG.H.1.Q1,SDN,2014,55.69000244140619,,
CR.1.RUR.Q1.GPIA,SDN,2014,.9144399762153625,,
ROFST.H.1.RUR.Q5.F,SDN,2014,1.690179944038391,,
YEARS.FC.FREE.02,SDN,2014,0,NIL,
ROFST.H.1.Q3,SDN,2014,15.47019004821777,,
NARA.AGM1.URB.F.WPIA,SDN,2014,0,NA,
CR.3.RUR.F,SDN,2014,18.40279006958008,,
ROFST.H.2,SDN,2014,21.97137069702148,,
ROFST.H.3.URB.Q3.M,SDN,2014,22.67922019958496,,
NARA.AGM1.RUR.F.WPIA,SDN,2014,.2336799949407578,,
NARA.AGM1.Q2.M.LPIA,SDN,2014,.761430025100708,,
ROFST.H.3.Q1.LPIA,SDN,2014,1.287490010261536,,
NARA.AGM1.Q3.F.LPIA,SDN,2014,.7932699918746948,,
ROFST.H.2.Q4.F,SDN,2014,8.523349761962891,,
ROFST.H.2.GPIA,SDN,2014,1.157389998435974,,
CR.3.RUR.Q5,SDN,2014,62.31959915161133,,
ROFST.1.GPIA.CP,SDN,2014,.8847000002861023,,UIS_EST
ROFST.H.2.M.WPIA,SDN,2014,1.850059986114502,,
ROFST.H.3.RUR.Q5,SDN,2014,7.99724006652832,,
ROFST.H.1.URB.WPIA,SDN,2014,1.962329983711243,,
NARA.AGM1.Q2.M,SDN,2014,31.63128089904785,,
CR.2.RUR.Q5.GPIA,SDN,2014,1.12814998626709,,
CR.2.URB.Q4,SDN,2014,68.03629302978516,,
ROFST.H.3.RUR.F.WPIA,SDN,2014,1.844980001449585,,
ROFST.H.1.URB.Q2,SDN,2014,21.00009918212891,,
ROFST.H.2.URB.Q4.M,SDN,2014,6.022890090942383,,
CR.1.URB.Q5.M,SDN,2014,95.03653717041016,,
NER.01.GPIA.CP,SDN,2014,0,NA,
CR.1.Q3.LPIA,SDN,2014,.7909799814224243,,
CR.2.Q3.LPIA,SDN,2014,.7529000043869019,,
CR.1.RUR.Q5.M,SDN,2014,88.15699768066406,,
ROFST.H.2.Q5.M,SDN,2014,4.564809799194336,,
ROFST.H.1.Q3.GPIA,SDN,2014,1.068940043449402,,
CR.1.Q5.F,SDN,2014,96.23703002929688,,
ROFST.H.1.RUR.M.WPIA,SDN,2014,1.968709945678711,,
OAEPG.H.1.RUR.Q5,SDN,2014,13.510000705719,,
NARA.AGM1.Q5.F,SDN,2014,95.58379364013672,,
NARA.AGM1.RUR.Q2.GPIA,SDN,2014,1.144780039787292,,
ADMI.ENDOFLOWERSEC.MAT,SDN,2014,0,,
ROFST.H.1.RUR.M,SDN,2014,25.54976081848145,,
ROFST.H.2.RUR.Q2.M,SDN,2014,27.86463928222656,,
ROFST.H.1.Q4.F,SDN,2014,4.202099800109863,,
ROFST.H.3.Q2.F,SDN,2014,46.78009033203125,,
ROFST.H.1.Q4.GPIA,SDN,2014,.8407099843025208,,
ROFST.H.2.Q2.F.LPIA,SDN,2014,1.686360001564026,,
ROFST.H.3.Q5.GPIA,SDN,2014,1.073950052261353,,
OAEPG.H.1.LPIA,SDN,2014,1.355899810791016,,
ROFST.H.3.Q4.F.LPIA,SDN,2014,1.561020016670227,,
ROFST.H.2.Q3.F.LPIA,SDN,2014,1.688390016555786,,
OAEPG.H.1.RUR.Q5.F,SDN,2014,8.92999991774559,,
ROFST.H.3.Q3.F.LPIA,SDN,2014,1.540850043296814,,
ROFST.H.1.Q5.LPIA,SDN,2014,1.253049969673157,,
ROFST.H.2.Q1,SDN,2014,34.14693069458008,,
ROFST.H.3.M,SDN,2014,28.63924026489258,,
CR.3.URB.M.WPIA,SDN,2014,.0572299994528294,,
ROFST.H.2.URB.Q2.F,SDN,2014,13.5859899520874,,
NARA.AGM1.RUR.F,SDN,2014,45.89057922363281,,
ROFST.H.3.Q4.GPIA,SDN,2014,1.127259969711304,,
ROFST.H.1.URB.Q1.M,SDN,2014,32.00027847290039,,
ROFST.H.3.URB.Q2.GPIA,SDN,2014,1.175600051879883,,
CR.1.RUR.Q1,SDN,2014,42.99435043334961,,
NER.01.F.CP,SDN,2014,0,NA,
OAEPG.H.1.Q5,SDN,2014,12.3400002717972,,
CR.1.F.WPIA,SDN,2014,.4250200092792511,,
CR.3.Q5.M.LPIA,SDN,2014,.89069002866745,,
NARA.AGM1.Q4.GPIA,SDN,2014,1.091310024261475,,
ROFST.H.1.RUR.Q1.M,SDN,2014,39.09627914428711,,
CR.2.Q4,SDN,2014,60.92140960693359,,
CR.3.Q4.GPIA,SDN,2014,.9436799883842468,,
NARA.AGM1.URB.Q3.F,SDN,2014,65.62557220458984,,
CR.2.Q2.F,SDN,2014,31.81689071655273,,
NARA.AGM1.RUR.Q4.GPIA,SDN,2014,1.106379985809326,,
NARA.AGM1.Q3.M,SDN,2014,61.44424057006836,,
CR.2.URB.Q3.F,SDN,2014,55.81671142578125,,
CR.1.RUR.Q3.GPIA,SDN,2014,.7905499935150146,,
CR.3.Q1,SDN,2014,11.2963695526123,,
ROFST.H.1.Q5.F,SDN,2014,1.395959973335266,,
ROFST.H.3.Q5.F.LPIA,SDN,2014,.9006900191307068,,
ROFST.H.2.Q5.M.LPIA,SDN,2014,.8898000121116638,,
NARA.AGM1.Q4,SDN,2014,78.23631286621094,,
CR.2.M.WPIA,SDN,2014,.3476000130176544,,
NARA.AGM1.URB.Q5.GPIA,SDN,2014,1.012069940567017,,
CR.3.Q1.LPIA,SDN,2014,1.746979951858521,,
NARA.AGM1.RUR.Q3,SDN,2014,51.82976913452148,,
ROFST.H.1.URB,SDN,2014,6.147389888763428,,
ROFST.H.3.RUR.Q3.M,SDN,2014,39.49066162109375,,
CR.2.Q3.GPIA,SDN,2014,.9408400058746338,,
CR.2.URB.WPIA,SDN,2014,.264409989118576,,
OAEPG.H.1.Q5.M,SDN,2014,14.4899994134903,,
ROFST.H.2.URB.Q2.M,SDN,2014,17.82612037658691,,
ROFST.H.1.RUR.Q1.F,SDN,2014,43.45867919921875,,
NARA.AGM1.Q3.M.LPIA,SDN,2014,.6472600102424622,,
CR.1.Q2.F.LPIA,SDN,2014,.8553599715232849,,
ROFST.H.1.RUR.Q5.GPIA,SDN,2014,1.276290059089661,,
ROFST.H.2.Q5.LPIA,SDN,2014,.8503100275993347,,
NARA.AGM1.Q1.M.LPIA,SDN,2014,0,NA,
CR.1.F,SDN,2014,64.43813323974609,,
ROFST.H.2.RUR.Q4.M,SDN,2014,13.35235977172852,,
NER.01.M.CP,SDN,2014,0,NA,
ROFST.H.3.URB.F.WPIA,SDN,2014,1.681859970092773,,
ROFST.H.1.Q2.M,SDN,2014,31.23804092407227,,
CR.2.F,SDN,2014,51.81909942626953,,
CR.3.M.LPIA,SDN,2014,.535099983215332,,
NARA.AGM1.RUR.Q4.M,SDN,2014,69.11055755615234,,
CR.1.URB.Q3.F,SDN,2014,68.86269378662109,,
PTRHC.3.QUALIFIED,SDN,2014,15.56834983825684,,
NARA.AGM1.URB.Q2.F,SDN,2014,38.97843170166016,,
ROFST.H.1.Q1.M.LPIA,SDN,2014,1.18149995803833,,
ROFST.H.3.URB.M,SDN,2014,15.82040023803711,,
ROFST.H.2.Q2.LPIA,SDN,2014,1.566499948501587,,
NARA.AGM1.RUR.M.WPIA,SDN,2014,.2715399861335754,,
ROFST.H.2.RUR.Q5,SDN,2014,2.2394700050354,,
ROFST.H.2.LPIA,SDN,2014,1.73855996131897,,
ROFST.H.2.M,SDN,2014,20.06806945800781,,
CR.1.Q4.F,SDN,2014,85.026123046875,,
ROFST.H.3.RUR.Q4.GPIA,SDN,2014,1.278849959373474,,
NARA.AGM1.URB.Q3.GPIA,SDN,2014,.8246300220489502,,
CR.3.Q4,SDN,2014,33.26045989990234,,
ROFST.H.1.Q3.LPIA,SDN,2014,1.566159963607788,,
NARA.AGM1.URB.F,SDN,2014,79.91957855224609,,
ROFST.H.2.F,SDN,2014,23.81650924682617,,
CR.3.RUR.Q3,SDN,2014,17.33927917480469,,
NARA.AGM1.RUR.Q5.F,SDN,2014,91.76358795166016,,
CR.1.URB.Q3.GPIA,SDN,2014,1.010959982872009,,
CR.2.RUR.Q3.M,SDN,2014,42.54111862182617,,
CR.3.RUR.Q5.F,SDN,2014,63.41746139526367,,
CR.1.Q3.F.LPIA,SDN,2014,.6982600092887878,,
ROFST.H.3.Q1.F.LPIA,SDN,2014,1.458999991416931,,
CR.3.Q1.M.LPIA,SDN,2014,1.740000009536743,,
NARA.AGM1.RUR.Q5.GPIA,SDN,2014,1.026690006256104,,
TRTP.3.M,SDN,2014,68.07791900634766,,
ADMI.ENDOFPRIM.READ,SDN,2014,0,,
CR.2.URB.M.WPIA,SDN,2014,.2218399941921234,,
OAEPG.H.1.WPIA,SDN,2014,1.778416275978088,,
NARA.AGM1.Q2.F.LPIA,SDN,2014,.9189199805259705,,
NARA.AGM1.Q3.F,SDN,2014,55.76766967773438,,
CR.1.Q2.F,SDN,2014,47.74514007568359,,
ROFST.H.2.RUR.F.WPIA,SDN,2014,1.989580035209656,,
OAEPG.H.1.URB.Q5,SDN,2014,11.6999998688698,,
CR.2.Q5,SDN,2014,89.24733734130859,,
NARA.AGM1.Q1.F.LPIA,SDN,2014,0,NA,
ROFST.H.1.RUR.Q5,SDN,2014,1.468219995498657,,
CR.3.URB.Q3.M,SDN,2014,22.2830696105957,,
NARA.AGM1.URB.Q1.GPIA,SDN,2014,0,NA,
CR.1.URB.WPIA,SDN,2014,.3923299908638,,
CR.1.URB.Q1.GPIA,SDN,2014,1.077000021934509,,
AIR.1.GLAST,SDN,2014,61.46083831787109,,
ROFST.H.2.Q1.F.LPIA,SDN,2014,1.446840047836304,,
LR.AG15T24.Q5.F,SDN,2014,100,,
CR.1.Q1.GPIA,SDN,2014,.9182199835777283,,
CR.1.Q5.F.LPIA,SDN,2014,1.003229975700378,,
CR.1.Q3.GPIA,SDN,2014,.8684700131416321,,
ROFST.H.1.URB.Q2.GPIA,SDN,2014,1.090890049934387,,
CR.2.URB.Q1.F,SDN,2014,0,NA,
NARA.AGM1.M.WPIA,SDN,2014,.2673200070858002,,
OAEPG.H.1.RUR.M,SDN,2014,44.2600011825562,,
CR.2.Q5.M,SDN,2014,84.65960693359375,,
ROFST.H.3.GPIA,SDN,2014,1.195160031318665,,
CR.1.URB.Q4,SDN,2014,84.45879364013672,,
CR.2.Q3.F,SDN,2014,39.60628128051758,,
ROFST.H.1.Q1.M,SDN,2014,38.80038833618164,,
CR.2.URB.F,SDN,2014,74.78571319580078,,
ROFST.H.3.Q5.F,SDN,2014,8.782050132751465,,
CR.3.RUR.Q4,SDN,2014,32.73781967163086,,
ROFST.H.1.Q3.M,SDN,2014,14.93443012237549,,
OAEPG.H.1.RUR.Q1.F,SDN,2014,54.82000112533571,,
CR.3.Q4.M.LPIA,SDN,2014,1.094419956207275,,
ROFST.H.2.Q2.GPIA,SDN,2014,1.315240025520325,,
ROFST.H.2.URB.Q5.GPIA,SDN,2014,.1214200034737587,,
NARA.AGM1.F.WPIA,SDN,2014,.2336799949407578,,
CR.1.URB.Q2.F,SDN,2014,54.66019821166992,,
NARA.AGM1.Q1.GPIA,SDN,2014,.8882399797439575,,
CR.1.RUR.WPIA,SDN,2014,.4649800062179565,,
CR.2.URB.Q5.M,SDN,2014,85.02388000488281,,
CR.2.RUR.Q2.F,SDN,2014,29.39101982116699,,
ROFST.H.2.URB.Q5,SDN,2014,2.633699893951416,,
CR.1.URB,SDN,2014,81.42096710205078,,
CR.3.URB.Q3.F,SDN,2014,22.5407600402832,,
CR.2.Q5.F.LPIA,SDN,2014,1.04186999797821,,
ADMI.GRADE2OR3PRIM.READ,SDN,2014,0,,
QUTP.02.F,SDN,2014,100,,
CR.2.Q4.M,SDN,2014,58.82334899902344,,
ROFST.H.3.RUR.Q3.F,SDN,2014,55.42726898193359,,
CR.1.RUR.Q4.F,SDN,2014,84.10234832763672,,
CR.1.URB.Q3.M,SDN,2014,68.10825347900391,,
CR.3.Q5.F,SDN,2014,72.99974060058594,,
NARA.AGM1.Q1,SDN,2014,23.72353935241699,,
NARA.AGM1.URB.Q2.GPIA,SDN,2014,.9688799977302551,,
ROFST.H.3.URB.Q1.F,SDN,2014,28.77349090576172,,
CR.3.URB.Q2.GPIA,SDN,2014,.3645099997520447,,
QUTP.02.M,SDN,2014,0,NIL,
CR.2.URB.Q3.GPIA,SDN,2014,1.260220050811768,,
NARA.AGM1.RUR.Q2,SDN,2014,33.08552932739258,,
CR.2.Q4.F,SDN,2014,63.10342025756836,,
TRTP.3,SDN,2014,69.69721221923828,,
ROFST.H.3.URB.Q2.F,SDN,2014,26.28363990783691,,
ROFST.H.2.Q1.M.LPIA,SDN,2014,0,NA,
ROFST.H.3.URB.Q5.GPIA,SDN,2014,1.085479974746704,,
CR.3.Q1.GPIA,SDN,2014,.5886800289154053,,
NARA.AGM1.Q2,SDN,2014,33.77407073974609,,
ROFST.H.1.URB.Q5.F,SDN,2014,1.228139996528625,,
AIR.2.GPV.GLAST.F,SDN,2014,49.84352111816406,,
ROFST.H.2.Q1.F,SDN,2014,37.43429183959961,,
ROFST.H.1.RUR.Q4,SDN,2014,5.568349838256836,,
NARA.AGM1.RUR.Q1.GPIA,SDN,2014,.8841500282287598,,
OAEPG.H.1.Q1.F,SDN,2014,55.1599979400635,,
NARA.AGM1.URB.Q2,SDN,2014,39.63008117675781,,
CR.1.RUR.Q5.GPIA,SDN,2014,1.085710048675537,,
NARA.AGM1.URB.Q4.GPIA,SDN,2014,1.094879984855652,,
ADMI.ENDOFPRIM.MAT,SDN,2014,0,,
ROFST.H.2.RUR.Q5.GPIA,SDN,2014,.0942900031805038,,
CR.1.RUR.Q3.F,SDN,2014,48.08414840698242,,
NARA.AGM1.Q1.F,SDN,2014,22.33609008789063,,
ROFST.H.2.RUR.WPIA,SDN,2014,1.935649991035461,,
CR.2.URB.Q4.GPIA,SDN,2014,1.177219986915588,,
ROFST.H.3.F,SDN,2014,35.58366012573242,,
ROFST.H.1.Q3.M.LPIA,SDN,2014,1.534860014915466,,
ROFST.H.1.Q3.F,SDN,2014,16.04018020629883,,
CR.2.URB.Q5,SDN,2014,88.46746063232422,,
OAEPG.H.1.RUR.Q1.M,SDN,2014,56.0899972915649,,
CR.1.RUR.Q4.M,SDN,2014,82.23886108398438,,
CR.1.URB.Q1.M,SDN,2014,35.5966682434082,,
NARA.AGM1.Q4.F,SDN,2014,82.18612670898438,,
ROFST.H.2.RUR.Q4.GPIA,SDN,2014,.9051100015640259,,
ROFST.H.2.RUR.Q3.M,SDN,2014,26.38468933105469,,
OAEPG.H.1.RUR,SDN,2014,41.949999332428,,
ROFST.H.3.RUR.Q1.F,SDN,2014,53.18545913696289,,
PTRHC.02.QUALIFIED,SDN,2014,27.38969039916992,,
CR.1.Q1.LPIA,SDN,2014,1.128059983253479,,
AIR.2.GPV.GLAST,SDN,2014,52.64625930786133,,
OAEPG.H.1.URB.Q5.F,SDN,2014,10.9399996697903,,
CR.3.Q2.F,SDN,2014,6.60860013961792,,
CR.1.Q5.M.LPIA,SDN,2014,.9276099801063538,,
CR.1.Q3.M,SDN,2014,63.32360076904297,,
ROFST.H.1.URB.M,SDN,2014,6.482029914855957,,
CR.2.RUR.M.WPIA,SDN,2014,.3574199974536896,,
NARA.AGM1.URB.Q2.M,SDN,2014,40.23038101196289,,
NARA.AGM1.URB.M,SDN,2014,83.02303314208984,,
CR.2.URB.M,SDN,2014,64.46025848388672,,
TRTP.3,SDN,2015,66.15086364746094,,
ADMI.GRADE2OR3PRIM.MAT,SDN,2015,1,,
AIR.2.GPV.GLAST.GPIA,SDN,2015,.9252200126647949,,
CR.1.M,SDN,2015,70.24388122558594,,
QUTP.3.M,SDN,2015,100,,
AIR.1.GLAST.F,SDN,2015,59.75786972045898,,
ROFST.1.CP,SDN,2015,40.65171813964844,,UIS_EST
CR.1.GPIA,SDN,2015,.9970104098320007,,
AIR.1.GLAST.M,SDN,2015,66.26036834716797,,
TRTP.3.F,SDN,2015,66.78717803955078,,
CR.1.F,SDN,2015,70.03388214111328,,
ADMI.ENDOFPRIM.MAT,SDN,2015,0,,
NER.01.GPIA.CP,SDN,2015,0,NA,
CR.1,SDN,2015,70.13999938964844,,
ROFST.1.F.CP,SDN,2015,38.48186111450195,,UIS_EST
NER.01.M.CP,SDN,2015,0,NA,
TRTP.3.M,SDN,2015,65.530029296875,,
PTRHC.3.QUALIFIED,SDN,2015,15.75858020782471,,
YEARS.FC.FREE.1T3,SDN,2015,11,,
GER.5T8.F,SDN,2015,17.29927062988281,,
SCHBSP.3.WELEC,SDN,2015,74.16287231445313,,
PTRHC.3.TRAINED,SDN,2015,23.82217979431152,,
AIR.2.GPV.GLAST.F,SDN,2015,50.9600715637207,,
GER.5T8.M,SDN,2015,17.11429023742676,,
NER.01.F.CP,SDN,2015,0,NA,
GER.5T8,SDN,2015,17.20598030090332,,
NER.01.CP,SDN,2015,0,NA,
ADMI.ENDOFPRIM.READ,SDN,2015,0,,
YEARS.FC.COMP.1T3,SDN,2015,8,,
ROFST.1.M.CP,SDN,2015,42.76919174194336,,UIS_EST
ADMI.ENDOFLOWERSEC.MAT,SDN,2015,0,,
AIR.2.GPV.GLAST.M,SDN,2015,55.07873916625977,,
ADMI.ENDOFLOWERSEC.READ,SDN,2015,0,,
QUTP.3.F,SDN,2015,100,,
AIR.1.GLAST.GPIA,SDN,2015,.9018599987030029,,
ODAFLOW.VOLUMESCHOLARSHIP,SDN,2015,2832481,,
ADMI.GRADE2OR3PRIM.READ,SDN,2015,1,,
N.ATTACKS,SDN,2015,13,,
YEARS.FC.FREE.02,SDN,2015,2,,
AIR.2.GPV.GLAST,SDN,2015,53.0413703918457,,
ROFST.1.GPIA.CP,SDN,2015,.8997600078582764,,UIS_EST
YEARS.FC.COMP.02,SDN,2015,0,NIL,
QUTP.3.GPIA,SDN,2015,1,,
QUTP.3,SDN,2015,100,,
GER.5T8.GPIA,SDN,2015,1.010689973831177,,
AIR.1.GLAST,SDN,2015,63.04476928710938,,
TRTP.3.GPIA,SDN,2015,1.01882004737854,,
CR.1.GPIA,SDN,2016,1.000141024589539,,
YEARS.FC.COMP.02,SDN,2016,0,NIL,
SCHBSP.2.WWATA,SDN,2016,93.43653106689453,,
CR.1.F,SDN,2016,70.92502593994141,,
AIR.2.GPV.GLAST,SDN,2016,52.31195068359375,,
ROFST.1.M.CP,SDN,2016,42.24404144287109,,UIS_EST
PTRHC.3.TRAINED,SDN,2016,22.2802906036377,,
YEARS.FC.COMP.1T3,SDN,2016,8,,
AIR.2.GPV.GLAST.GPIA,SDN,2016,.9580199718475342,,
ICTSKILLTRANSFERFILE,SDN,2016,2.914,,
NER.01.GPIA.CP,SDN,2016,0,NA,
CR.1,SDN,2016,70.91999816894531,,
SCHBSP.3.WTOILA,SDN,2016,100,,
NER.01.M.CP,SDN,2016,0,NA,
AIR.2.GPV.GLAST.M,SDN,2016,53.4215202331543,,
AIR.1.GLAST.F,SDN,2016,61.86286926269531,,
YEARS.FC.FREE.1T3,SDN,2016,11,,
ICTSKILLSOFTWARE,SDN,2016,2.3622,,
ADMI.GRADE2OR3PRIM.READ,SDN,2016,1,,
ICTSKILLPROGLANG,SDN,2016,1.5996,,
NER.01.CP,SDN,2016,0,NA,
QUTP.3,SDN,2016,100,,
ICTSKILLCREAT,SDN,2016,1.891,,
QUTP.3.GPIA,SDN,2016,1,,
TRTP.3.M,SDN,2016,61.49676132202148,,
SCHBSP.1.WWATA,SDN,2016,93.43653106689453,,
NER.01.F.CP,SDN,2016,0,NA,
ADMI.ENDOFLOWERSEC.MAT,SDN,2016,0,,
YEARS.FC.FREE.02,SDN,2016,2,,
QUTP.3.M,SDN,2016,100,,
SCHBSP.1.WELEC,SDN,2016,54.08343887329102,,
AIR.2.GPV.GLAST.F,SDN,2016,51.17874908447266,,
QUTP.3.F,SDN,2016,100,,
TRTP.3.F,SDN,2016,66.122802734375,,
ODAFLOW.VOLUMESCHOLARSHIP,SDN,2016,1952899,,
SCHBSP.2.WTOILA,SDN,2016,73.4853515625,,
AIR.1.GLAST.GPIA,SDN,2016,.9312499761581421,,
ICTSKILLATTACH,SDN,2016,2.4428,,
TRTP.3.GPIA,SDN,2016,1.069959998130798,,
ROFST.1.CP,SDN,2016,39.46897125244141,,UIS_EST
ICTSKILLCONNEC,SDN,2016,2.8272,,
ROFST.1.F.CP,SDN,2016,36.62480926513672,,UIS_EST
ADMI.ENDOFPRIM.MAT,SDN,2016,0,,
SCHBSP.3.WCOMPUT,SDN,2016,100,,
ADMI.GRADE2OR3PRIM.MAT,SDN,2016,1,,
N.ATTACKS,SDN,2016,34,,
ADMI.ENDOFLOWERSEC.READ,SDN,2016,0,,
ICTSKILLDUPLIC,SDN,2016,3.6146,,
ADMI.ENDOFPRIM.READ,SDN,2016,0,,
SCHBSP.1.WTOILA,SDN,2016,73.4853515625,,
PTRHC.3.QUALIFIED,SDN,2016,14.13974952697754,,
SCHBSP.3.WWATA,SDN,2016,100,,
TRTP.3,SDN,2016,63.46305084228516,,
AIR.1.GLAST,SDN,2016,64.17162322998047,,
SCHBSP.3.WWASH,SDN,2016,100,,
ROFST.1.GPIA.CP,SDN,2016,.8669800162315369,,UIS_EST
SCHBSP.2.WELEC,SDN,2016,54.08343887329102,,
TATTRR.3,SDN,2016,3.180269956588745,,
ICTSKILLFORMULA,SDN,2016,1.7732,,
AIR.1.GLAST.M,SDN,2016,66.43026733398438,,
ICTSKILLCOPI,SDN,2016,4.309,,
CR.1.M,SDN,2016,70.91502380371094,,
PTRHC.3.QUALIFIED,SDN,2017,14.91851043701172,,
AIR.1.GLAST.M,SDN,2017,67.49476623535156,,
ROFST.1.CP,SDN,2017,38.11087036132813,,UIS_EST
ROFST.1.F.CP,SDN,2017,38.86030960083008,,UIS_EST
CR.1.F,SDN,2017,71.93682861328125,,
YEARS.FC.FREE.1T3,SDN,2017,11,,
TRTP.3,SDN,2017,64.70957946777344,,
OAEPG.1.F,SDN,2017,26.41724014282227,,UIS_EST
ROFST.1.GPIA.CP,SDN,2017,1.038100004196167,,UIS_EST
YEARS.FC.COMP.1T3,SDN,2017,8,,
YEARS.FC.COMP.02,SDN,2017,0,NIL,
QUTP.3.F,SDN,2017,100,,
AIR.1.GLAST.F,SDN,2017,64.61649322509766,,
NER.01.M.CP,SDN,2017,0,NA,
PTRHC.3.TRAINED,SDN,2017,23.0545597076416,,
OAEPG.1.M,SDN,2017,29.6787109375,,UIS_EST
OAEPG.1,SDN,2017,28.12018966674805,,UIS_EST
QUTP.3.M,SDN,2017,100,,
CR.1.GPIA,SDN,2017,1.005143284797668,,
NER.01.CP,SDN,2017,0,NA,
ADMI.ENDOFPRIM.READ,SDN,2017,0,,
ADMI.ENDOFLOWERSEC.READ,SDN,2017,0,,
TRTP.3.F,SDN,2017,68.64955902099609,,
OAEPG.1.GPIA,SDN,2017,.8901100158691406,,UIS_EST
ADMI.GRADE2OR3PRIM.MAT,SDN,2017,1,,
ROFST.1.M.CP,SDN,2017,37.37974166870117,,UIS_EST
CR.1.M,SDN,2017,71.56683349609375,,
ADMI.GRADE2OR3PRIM.READ,SDN,2017,1,,
ADMI.ENDOFLOWERSEC.MAT,SDN,2017,0,,
QUTP.3,SDN,2017,100,,
ADMI.ENDOFPRIM.MAT,SDN,2017,0,,
AIR.1.GLAST,SDN,2017,66.07209777832031,,
NER.01.F.CP,SDN,2017,0,NA,
TRTP.3.GPIA,SDN,2017,1.106979966163635,,
TRTP.3.M,SDN,2017,61.30519866943359,,
QUTP.3.GPIA,SDN,2017,1,,
NER.01.GPIA.CP,SDN,2017,0,NA,
YEARS.FC.FREE.02,SDN,2017,2,,
CR.1,SDN,2017,71.75,,
ODAFLOW.VOLUMESCHOLARSHIP,SDN,2017,2726742,,
TATTRR.3,SDN,2017,3.607929944992065,,
N.ATTACKS,SDN,2017,16,,
AIR.1.GLAST.GPIA,SDN,2017,.9573600292205811,,
NERA.AGM1.F.CP,SDN,2018,38.7364501953125,,
NER.01.CP,SDN,2018,0,NA,
ROFST.AGM1.F.CP,SDN,2018,61.2635498046875,,
NER.0.F.CP,SDN,2018,37.03292846679688,,
ROFST.1T2.GPIA.CP,SDN,2018,1.123720049858093,,
OAEPG.2.GPV.M,SDN,2018,34.98339080810547,,
LR.AG25T64.F,SDN,2018,50.59574890136719,,UIS_EST
ROFST.1T2.M.CP,SDN,2018,30.8292293548584,,
LR.AG15T24.F,SDN,2018,73.48999786376953,,UIS_EST
ADMI.ENDOFLOWERSEC.READ,SDN,2018,0,,
ROFST.3.GPIA.CP,SDN,2018,.9275199770927429,,
CR.1.F,SDN,2018,72.8780517578125,,
ROFST.2.M.CP,SDN,2018,28.50868034362793,,
ROFST.1T3.CP,SDN,2018,36.98257827758789,,
NER.01.GPIA.CP,SDN,2018,0,NA,
TRTP.3.M,SDN,2018,61.7493782043457,,
ROFST.2T3.F.CP,SDN,2018,40.89366912841797,,
OAEPG.1.M,SDN,2018,26.6274299621582,,
CR.1.M,SDN,2018,72.248046875,,
LR.AG15T24,SDN,2018,73,,UIS_EST
ADMI.ENDOFPRIM.MAT,SDN,2018,0,,
ROFST.2T3.CP,SDN,2018,41.44686889648438,,
AIR.2.GPV.GLAST.F,SDN,2018,53.69826889038086,,
NER.0.GPIA.CP,SDN,2018,1.024580001831055,,
ROFST.2.F.CP,SDN,2018,31.18914985656738,,
ROFST.1.GPIA.CP,SDN,2018,1.133020043373108,,
AIR.2.GPV.GLAST.GPIA,SDN,2018,.9792799949645996,,
PTRHC.3.TRAINED,SDN,2018,23.40620994567871,,
YEARS.FC.COMP.1T3,SDN,2018,8,,
NER.0.CP,SDN,2018,36.57128143310547,,
ROFST.1.F.CP,SDN,2018,36.31937026977539,,
LR.AG65T99,SDN,2018,28.76176071166992,,UIS_EST
TRTP.3.F,SDN,2018,70.69844818115234,,
ROFST.AGM1.M.CP,SDN,2018,61.47362899780273,,
QUTP.3.GPIA,SDN,2018,1,,
YEARS.FC.COMP.02,SDN,2018,0,NIL,
ROFST.2T3.GPIA.CP,SDN,2018,.9739199876785278,,
ROFST.AGM1.CP,SDN,2018,61.37005996704102,,
NER.02.GPIA.CP,SDN,2018,1.024580001831055,,
ROFST.3.CP,SDN,2018,49.46493148803711,,
OAEPG.1,SDN,2018,26.00984001159668,,
NER.02.M.CP,SDN,2018,36.12263870239258,,
CR.1.GPIA,SDN,2018,1.008644700050354,,
LR.AG25T64,SDN,2018,56.8809700012207,,UIS_EST
AIR.1.GLAST.GPIA,SDN,2018,.9345899820327759,,
LR.AG15T24.M,SDN,2018,72.51000213623047,,UIS_EST
NERA.AGM1.GPIA.CP,SDN,2018,1.005419969558716,,
ROFST.1T3.M.CP,SDN,2018,35.79327011108398,,
NER.0.M.CP,SDN,2018,36.12263870239258,,
NER.01.M.CP,SDN,2018,0,NA,
ROFST.AGM1.GPIA.CP,SDN,2018,.9965800046920776,,
ROFST.2.GPIA.CP,SDN,2018,1.085940003395081,,
TRTP.3,SDN,2018,65.84911346435547,,
NERA.AGM1.M.CP,SDN,2018,38.52637100219727,,
NER.01.F.CP,SDN,2018,0,NA,
NER.02.F.CP,SDN,2018,37.03292846679688,,
PTRHC.3.QUALIFIED,SDN,2018,15.41277980804443,,
OAEPG.1.F,SDN,2018,25.32875061035156,,
LR.AG15T99,SDN,2018,60.69718170166016,,UIS_EST
ADMI.GRADE2OR3PRIM.MAT,SDN,2018,1,,
ROFST.1T3.F.CP,SDN,2018,38.19947814941406,,
LR.AG65T99.GPIA,SDN,2018,.3765000104904175,,UIS_EST
OAEPG.2.GPV.F,SDN,2018,31.56492042541504,,
ADMI.ENDOFLOWERSEC.MAT,SDN,2018,0,,
ROFST.1.CP,SDN,2018,33.87398147583008,,
ROFST.2.CP,SDN,2018,29.83440971374512,,
QUTP.3.M,SDN,2018,100,,
AIR.2.GPV.GLAST.M,SDN,2018,54.83457946777344,,
AIR.1.GLAST,SDN,2018,66.56889343261719,,
QUTP.3,SDN,2018,100,,
CR.1,SDN,2018,72.55999755859375,,
OAEPG.1.GPIA,SDN,2018,.951229989528656,,
ADMI.GRADE2OR3PRIM.READ,SDN,2018,1,,
ROFST.3.M.CP,SDN,2018,51.30622100830078,,
ODAFLOW.VOLUMESCHOLARSHIP,SDN,2018,3830633,,
ROFST.1.M.CP,SDN,2018,31.48822975158691,,
NER.02.CP,SDN,2018,36.57128143310547,,
LR.AG15T99.GPIA,SDN,2018,.8567799925804138,,UIS_EST
LR.AG15T99.M,SDN,2018,65.43515014648438,,UIS_EST
ROFST.1T2.F.CP,SDN,2018,35.18199920654297,,
YEARS.FC.FREE.02,SDN,2018,2,,
N.ATTACKS,SDN,2018,30,,
AIR.1.GLAST.M,SDN,2018,68.79277038574219,,
ADMI.ENDOFPRIM.READ,SDN,2018,0,,
ROFST.1T3.GPIA.CP,SDN,2018,1.062989950180054,,
LR.AG65T99.M,SDN,2018,43.15977096557617,,UIS_EST
OAEPG.2.GPV.GPIA,SDN,2018,.9022799730300903,,
YEARS.FC.FREE.1T3,SDN,2018,11,,
OAEPG.2.GPV,SDN,2018,33.32659912109375,,
ROFST.1T2.CP,SDN,2018,32.9794807434082,,
LR.AG25T64.M,SDN,2018,63.39501190185547,,UIS_EST
AIR.2.GPV.GLAST,SDN,2018,54.27236175537109,,
QUTP.3.F,SDN,2018,100,,
ROFST.3.F.CP,SDN,2018,47.5872917175293,,
LR.AG25T64.GPIA,SDN,2018,.7980999946594238,,UIS_EST
TRTP.3.GPIA,SDN,2018,1.126579999923706,,
LR.AG15T24.GPIA,SDN,2018,1.013339996337891,,UIS_EST
LR.AG65T99.F,SDN,2018,16.24983024597168,,UIS_EST
AIR.1.GLAST.F,SDN,2018,64.29293823242188,,
NERA.AGM1.CP,SDN,2018,38.62994003295898,,
LR.AG15T99.F,SDN,2018,56.06322860717773,,UIS_EST
ROFST.2T3.M.CP,SDN,2018,41.9888916015625,,
NER.01.M.CP,SDN,2019,0,NA,
YEARS.FC.FREE.1T3,SDN,2019,11,,
YEARS.FC.FREE.02,SDN,2019,2,,
ADMI.ENDOFPRIM.MAT,SDN,2019,0,,
ADMI.ENDOFLOWERSEC.READ,SDN,2019,0,,
YEARS.FC.COMP.02,SDN,2019,0,NIL,
ADMI.GRADE2OR3PRIM.READ,SDN,2019,1,,
CR.1,SDN,2019,73.38999938964844,,
CR.1.GPIA,SDN,2019,1.011783838272095,,
NER.01.CP,SDN,2019,0,NA,
ADMI.ENDOFPRIM.READ,SDN,2019,0,,
N.ATTACKS,SDN,2019,24,,
CR.1.M,SDN,2019,72.95933532714844,,
ODAFLOW.VOLUMESCHOLARSHIP,SDN,2019,10247677,,
CR.1.F,SDN,2019,73.82933044433594,,
NER.01.GPIA.CP,SDN,2019,0,NA,
ADMI.ENDOFLOWERSEC.MAT,SDN,2019,0,,
YEARS.FC.COMP.1T3,SDN,2019,8,,
ADMI.GRADE2OR3PRIM.MAT,SDN,2019,1,,
NER.01.F.CP,SDN,2019,0,NA,
YEARS.FC.COMP.02,SDN,2020,0,NIL,
NER.01.CP,SDN,2020,0,NA,
ADMI.GRADE2OR3PRIM.READ,SDN,2020,0,,
NER.01.GPIA.CP,SDN,2020,0,NA,
ADMI.ENDOFPRIM.MAT,SDN,2020,0,,
ADMI.ENDOFLOWERSEC.MAT,SDN,2020,0,,
N.ATTACKS,SDN,2020,19,,
YEARS.FC.FREE.1T3,SDN,2020,11,,
ADMI.ENDOFPRIM.READ,SDN,2020,0,,
NER.01.F.CP,SDN,2020,0,NA,
NER.01.M.CP,SDN,2020,0,NA,
YEARS.FC.COMP.1T3,SDN,2020,8,,
ADMI.GRADE2OR3PRIM.MAT,SDN,2020,0,,
RESDISADVPOP,SDN,2020,0,,
ODAFLOW.VOLUMESCHOLARSHIP,SDN,2020,7808705,,
YEARS.FC.FREE.02,SDN,2020,2,,
ADMI.ENDOFLOWERSEC.READ,SDN,2020,0,,
ADMI.ENDOFPRIM.READ,SDN,2021,0,,
YEARS.FC.FREE.1T3,SDN,2021,11,,
YEARS.FC.FREE.02,SDN,2021,2,,
NER.01.GPIA.CP,SDN,2021,0,NA,
ADMI.GRADE2OR3PRIM.MAT,SDN,2021,0,,
NER.01.CP,SDN,2021,0,NA,
NER.01.M.CP,SDN,2021,0,NA,
ADMI.ENDOFLOWERSEC.READ,SDN,2021,0,,
ODAFLOW.VOLUMESCHOLARSHIP,SDN,2021,8299677,,
YEARS.FC.COMP.02,SDN,2021,0,NIL,
ADMI.GRADE2OR3PRIM.READ,SDN,2021,0,,
ADMI.ENDOFLOWERSEC.MAT,SDN,2021,0,,
NER.01.F.CP,SDN,2021,0,NA,
ADMI.ENDOFPRIM.MAT,SDN,2021,0,,
YEARS.FC.COMP.1T3,SDN,2021,8,,
N.ATTACKS,SDN,2021,12,,
NER.01.M.CP,SDN,2022,0,NA,
PRYA.12MO.AG15T64,SDN,2022,12.8339771639835,,UIS_EST
ODAFLOW.VOLUMESCHOLARSHIP,SDN,2022,9939691,,
ADMI.ENDOFPRIM.READ,SDN,2022,0,,
PRYA.12MO.AG15T64.F,SDN,2022,12.2603427075988,,UIS_EST
YEARS.FC.FREE.1T3,SDN,2022,11,,
PRYA.12MO.AG25T54.F,SDN,2022,1.27003289791755,,UIS_EST
YEARS.FC.COMP.1T3,SDN,2022,8,,
ADMI.ENDOFPRIM.MAT,SDN,2022,0,,
PRYA.12MO.AG15T24,SDN,2022,33.8345083730299,,UIS_EST
ADMI.GRADE2OR3PRIM.MAT,SDN,2022,0,,
PRYA.12MO.AG15T64.M,SDN,2022,13.4434861332629,,UIS_EST
PRYA.12MO.AG15T24.F,SDN,2022,32.4605772033842,,UIS_EST
YEARS.FC.COMP.02,SDN,2022,0,NIL,
PRYA.12MO.AG25T54,SDN,2022,1.76010924423334,,UIS_EST
NER.01.GPIA.CP,SDN,2022,0,NA,
NER.01.CP,SDN,2022,0,NA,
PRYA.12MO.AG15T24.GPIA,SDN,2022,.918628511214606,,UIS_EST
PRYA.12MO.AG25T54.M,SDN,2022,2.23451201029175,,UIS_EST
ADMI.ENDOFLOWERSEC.READ,SDN,2022,0,,
PRYA.12MO.AG15T64.GPIA,SDN,2022,.911991323237454,,UIS_EST
ADMI.ENDOFLOWERSEC.MAT,SDN,2022,0,,
PRYA.12MO.AG15T24.M,SDN,2022,35.3359130563724,,UIS_EST
PRYA.12MO.AG25T54.GPIA,SDN,2022,.568371479798727,,UIS_EST
NER.01.F.CP,SDN,2022,0,NA,
ADMI.GRADE2OR3PRIM.READ,SDN,2022,0,,
N.ATTACKS,SDN,2022,41,,
YEARS.FC.FREE.02,SDN,2022,2,,
YEARS.FC.FREE.02,SDN,2023,2,,
ADMI.ENDOFPRIM.READ,SDN,2023,0,,
NER.01.GPIA.CP,SDN,2023,0,NA,
YEARS.FC.COMP.1T3,SDN,2023,8,,
YEARS.FC.FREE.1T3,SDN,2023,11,,
NER.01.CP,SDN,2023,0,NA,
YEARS.FC.COMP.02,SDN,2023,0,NIL,
ADMI.ENDOFLOWERSEC.READ,SDN,2023,0,,
ADMI.GRADE2OR3PRIM.READ,SDN,2023,0,,
ADMI.GRADE2OR3PRIM.MAT,SDN,2023,0,,
ADMI.ENDOFLOWERSEC.MAT,SDN,2023,0,,
NER.01.M.CP,SDN,2023,0,NA,
ADMI.ENDOFPRIM.MAT,SDN,2023,0,,
NER.01.F.CP,SDN,2023,0,NA,
